image_path,label
train\cardboard\cardboard1.jpg,cardboard
train\cardboard\cardboard10.jpg,cardboard
train\cardboard\cardboard100.jpg,cardboard
train\cardboard\cardboard101.jpg,cardboard
train\cardboard\cardboard102.jpg,cardboard
train\cardboard\cardboard103.jpg,cardboard
train\cardboard\cardboard104.jpg,cardboard
train\cardboard\cardboard105.jpg,cardboard
train\cardboard\cardboard106.jpg,cardboard
train\cardboard\cardboard107.jpg,cardboard
train\cardboard\cardboard109.jpg,cardboard
train\cardboard\cardboard11.jpg,cardboard
train\cardboard\cardboard110.jpg,cardboard
train\cardboard\cardboard111.jpg,cardboard
train\cardboard\cardboard112.jpg,cardboard
train\cardboard\cardboard113.jpg,cardboard
train\cardboard\cardboard118.jpg,cardboard
train\cardboard\cardboard120.jpg,cardboard
train\cardboard\cardboard121.jpg,cardboard
train\cardboard\cardboard122.jpg,cardboard
train\cardboard\cardboard124.jpg,cardboard
train\cardboard\cardboard126.jpg,cardboard
train\cardboard\cardboard128.jpg,cardboard
train\cardboard\cardboard13.jpg,cardboard
train\cardboard\cardboard130.jpg,cardboard
train\cardboard\cardboard131.jpg,cardboard
train\cardboard\cardboard132.jpg,cardboard
train\cardboard\cardboard133.jpg,cardboard
train\cardboard\cardboard134.jpg,cardboard
train\cardboard\cardboard135.jpg,cardboard
train\cardboard\cardboard136.jpg,cardboard
train\cardboard\cardboard137.jpg,cardboard
train\cardboard\cardboard138.jpg,cardboard
train\cardboard\cardboard139.jpg,cardboard
train\cardboard\cardboard140.jpg,cardboard
train\cardboard\cardboard141.jpg,cardboard
train\cardboard\cardboard142.jpg,cardboard
train\cardboard\cardboard143.jpg,cardboard
train\cardboard\cardboard144.jpg,cardboard
train\cardboard\cardboard146.jpg,cardboard
train\cardboard\cardboard147.jpg,cardboard
train\cardboard\cardboard148.jpg,cardboard
train\cardboard\cardboard151.jpg,cardboard
train\cardboard\cardboard152.jpg,cardboard
train\cardboard\cardboard156.jpg,cardboard
train\cardboard\cardboard157.jpg,cardboard
train\cardboard\cardboard159.jpg,cardboard
train\cardboard\cardboard16.jpg,cardboard
train\cardboard\cardboard160.jpg,cardboard
train\cardboard\cardboard161.jpg,cardboard
train\cardboard\cardboard162.jpg,cardboard
train\cardboard\cardboard163.jpg,cardboard
train\cardboard\cardboard164.jpg,cardboard
train\cardboard\cardboard166.jpg,cardboard
train\cardboard\cardboard167.jpg,cardboard
train\cardboard\cardboard168.jpg,cardboard
train\cardboard\cardboard169.jpg,cardboard
train\cardboard\cardboard17.jpg,cardboard
train\cardboard\cardboard170.jpg,cardboard
train\cardboard\cardboard171.jpg,cardboard
train\cardboard\cardboard172.jpg,cardboard
train\cardboard\cardboard174.jpg,cardboard
train\cardboard\cardboard175.jpg,cardboard
train\cardboard\cardboard176.jpg,cardboard
train\cardboard\cardboard177.jpg,cardboard
train\cardboard\cardboard178.jpg,cardboard
train\cardboard\cardboard179.jpg,cardboard
train\cardboard\cardboard18.jpg,cardboard
train\cardboard\cardboard180.jpg,cardboard
train\cardboard\cardboard181.jpg,cardboard
train\cardboard\cardboard182.jpg,cardboard
train\cardboard\cardboard183.jpg,cardboard
train\cardboard\cardboard184.jpg,cardboard
train\cardboard\cardboard185.jpg,cardboard
train\cardboard\cardboard186.jpg,cardboard
train\cardboard\cardboard187.jpg,cardboard
train\cardboard\cardboard188.jpg,cardboard
train\cardboard\cardboard189.jpg,cardboard
train\cardboard\cardboard19.jpg,cardboard
train\cardboard\cardboard190.jpg,cardboard
train\cardboard\cardboard191.jpg,cardboard
train\cardboard\cardboard192.jpg,cardboard
train\cardboard\cardboard193.jpg,cardboard
train\cardboard\cardboard194.jpg,cardboard
train\cardboard\cardboard195.jpg,cardboard
train\cardboard\cardboard196.jpg,cardboard
train\cardboard\cardboard197.jpg,cardboard
train\cardboard\cardboard198.jpg,cardboard
train\cardboard\cardboard199.jpg,cardboard
train\cardboard\cardboard2.jpg,cardboard
train\cardboard\cardboard20.jpg,cardboard
train\cardboard\cardboard200.jpg,cardboard
train\cardboard\cardboard201.jpg,cardboard
train\cardboard\cardboard202.jpg,cardboard
train\cardboard\cardboard203.jpg,cardboard
train\cardboard\cardboard204.jpg,cardboard
train\cardboard\cardboard205.jpg,cardboard
train\cardboard\cardboard206.jpg,cardboard
train\cardboard\cardboard207.jpg,cardboard
train\cardboard\cardboard208.jpg,cardboard
train\cardboard\cardboard209.jpg,cardboard
train\cardboard\cardboard21.jpg,cardboard
train\cardboard\cardboard210.jpg,cardboard
train\cardboard\cardboard211.jpg,cardboard
train\cardboard\cardboard212.jpg,cardboard
train\cardboard\cardboard213.jpg,cardboard
train\cardboard\cardboard214.jpg,cardboard
train\cardboard\cardboard215.jpg,cardboard
train\cardboard\cardboard216.jpg,cardboard
train\cardboard\cardboard217.jpg,cardboard
train\cardboard\cardboard218.jpg,cardboard
train\cardboard\cardboard219.jpg,cardboard
train\cardboard\cardboard22.jpg,cardboard
train\cardboard\cardboard220.jpg,cardboard
train\cardboard\cardboard221.jpg,cardboard
train\cardboard\cardboard222.jpg,cardboard
train\cardboard\cardboard223.jpg,cardboard
train\cardboard\cardboard224.jpg,cardboard
train\cardboard\cardboard225.jpg,cardboard
train\cardboard\cardboard226.jpg,cardboard
train\cardboard\cardboard227.jpg,cardboard
train\cardboard\cardboard228.jpg,cardboard
train\cardboard\cardboard229.jpg,cardboard
train\cardboard\cardboard23.jpg,cardboard
train\cardboard\cardboard230.jpg,cardboard
train\cardboard\cardboard231.jpg,cardboard
train\cardboard\cardboard232.jpg,cardboard
train\cardboard\cardboard233.jpg,cardboard
train\cardboard\cardboard234.jpg,cardboard
train\cardboard\cardboard235.jpg,cardboard
train\cardboard\cardboard236.jpg,cardboard
train\cardboard\cardboard237.jpg,cardboard
train\cardboard\cardboard238.jpg,cardboard
train\cardboard\cardboard239.jpg,cardboard
train\cardboard\cardboard24.jpg,cardboard
train\cardboard\cardboard240.jpg,cardboard
train\cardboard\cardboard241.jpg,cardboard
train\cardboard\cardboard242.jpg,cardboard
train\cardboard\cardboard243.jpg,cardboard
train\cardboard\cardboard244.jpg,cardboard
train\cardboard\cardboard245.jpg,cardboard
train\cardboard\cardboard246.jpg,cardboard
train\cardboard\cardboard247.jpg,cardboard
train\cardboard\cardboard248.jpg,cardboard
train\cardboard\cardboard249.jpg,cardboard
train\cardboard\cardboard25.jpg,cardboard
train\cardboard\cardboard250.jpg,cardboard
train\cardboard\cardboard251.jpg,cardboard
train\cardboard\cardboard252.jpg,cardboard
train\cardboard\cardboard253.jpg,cardboard
train\cardboard\cardboard254.jpg,cardboard
train\cardboard\cardboard255.jpg,cardboard
train\cardboard\cardboard256.jpg,cardboard
train\cardboard\cardboard257.jpg,cardboard
train\cardboard\cardboard258.jpg,cardboard
train\cardboard\cardboard259.jpg,cardboard
train\cardboard\cardboard26.jpg,cardboard
train\cardboard\cardboard260.jpg,cardboard
train\cardboard\cardboard261.jpg,cardboard
train\cardboard\cardboard262.jpg,cardboard
train\cardboard\cardboard263.jpg,cardboard
train\cardboard\cardboard264.jpg,cardboard
train\cardboard\cardboard265.jpg,cardboard
train\cardboard\cardboard266.jpg,cardboard
train\cardboard\cardboard267.jpg,cardboard
train\cardboard\cardboard268.jpg,cardboard
train\cardboard\cardboard269.jpg,cardboard
train\cardboard\cardboard27.jpg,cardboard
train\cardboard\cardboard270.jpg,cardboard
train\cardboard\cardboard271.jpg,cardboard
train\cardboard\cardboard272.jpg,cardboard
train\cardboard\cardboard273.jpg,cardboard
train\cardboard\cardboard274.jpg,cardboard
train\cardboard\cardboard275.jpg,cardboard
train\cardboard\cardboard276.jpg,cardboard
train\cardboard\cardboard277.jpg,cardboard
train\cardboard\cardboard278.jpg,cardboard
train\cardboard\cardboard279.jpg,cardboard
train\cardboard\cardboard280.jpg,cardboard
train\cardboard\cardboard281.jpg,cardboard
train\cardboard\cardboard282.jpg,cardboard
train\cardboard\cardboard283.jpg,cardboard
train\cardboard\cardboard284.jpg,cardboard
train\cardboard\cardboard285.jpg,cardboard
train\cardboard\cardboard286.jpg,cardboard
train\cardboard\cardboard287.jpg,cardboard
train\cardboard\cardboard288.jpg,cardboard
train\cardboard\cardboard289.jpg,cardboard
train\cardboard\cardboard29.jpg,cardboard
train\cardboard\cardboard290.jpg,cardboard
train\cardboard\cardboard291.jpg,cardboard
train\cardboard\cardboard292.jpg,cardboard
train\cardboard\cardboard293.jpg,cardboard
train\cardboard\cardboard294.jpg,cardboard
train\cardboard\cardboard295.jpg,cardboard
train\cardboard\cardboard296.jpg,cardboard
train\cardboard\cardboard297.jpg,cardboard
train\cardboard\cardboard298.jpg,cardboard
train\cardboard\cardboard299.jpg,cardboard
train\cardboard\cardboard30.jpg,cardboard
train\cardboard\cardboard300.jpg,cardboard
train\cardboard\cardboard301.jpg,cardboard
train\cardboard\cardboard302.jpg,cardboard
train\cardboard\cardboard303.jpg,cardboard
train\cardboard\cardboard304.jpg,cardboard
train\cardboard\cardboard305.jpg,cardboard
train\cardboard\cardboard306.jpg,cardboard
train\cardboard\cardboard307.jpg,cardboard
train\cardboard\cardboard308.jpg,cardboard
train\cardboard\cardboard309.jpg,cardboard
train\cardboard\cardboard310.jpg,cardboard
train\cardboard\cardboard311.jpg,cardboard
train\cardboard\cardboard312.jpg,cardboard
train\cardboard\cardboard313.jpg,cardboard
train\cardboard\cardboard314.jpg,cardboard
train\cardboard\cardboard315.jpg,cardboard
train\cardboard\cardboard316.jpg,cardboard
train\cardboard\cardboard317.jpg,cardboard
train\cardboard\cardboard318.jpg,cardboard
train\cardboard\cardboard319.jpg,cardboard
train\cardboard\cardboard32.jpg,cardboard
train\cardboard\cardboard320.jpg,cardboard
train\cardboard\cardboard321.jpg,cardboard
train\cardboard\cardboard322.jpg,cardboard
train\cardboard\cardboard323.jpg,cardboard
train\cardboard\cardboard324.jpg,cardboard
train\cardboard\cardboard325.jpg,cardboard
train\cardboard\cardboard326.jpg,cardboard
train\cardboard\cardboard327.jpg,cardboard
train\cardboard\cardboard328.jpg,cardboard
train\cardboard\cardboard329.jpg,cardboard
train\cardboard\cardboard33.jpg,cardboard
train\cardboard\cardboard330.jpg,cardboard
train\cardboard\cardboard331.jpg,cardboard
train\cardboard\cardboard332.jpg,cardboard
train\cardboard\cardboard333.jpg,cardboard
train\cardboard\cardboard334.jpg,cardboard
train\cardboard\cardboard335.jpg,cardboard
train\cardboard\cardboard336.jpg,cardboard
train\cardboard\cardboard337.jpg,cardboard
train\cardboard\cardboard338.jpg,cardboard
train\cardboard\cardboard339.jpg,cardboard
train\cardboard\cardboard34.jpg,cardboard
train\cardboard\cardboard340.jpg,cardboard
train\cardboard\cardboard341.jpg,cardboard
train\cardboard\cardboard342.jpg,cardboard
train\cardboard\cardboard343.jpg,cardboard
train\cardboard\cardboard344.jpg,cardboard
train\cardboard\cardboard345.jpg,cardboard
train\cardboard\cardboard346.jpg,cardboard
train\cardboard\cardboard347.jpg,cardboard
train\cardboard\cardboard348.jpg,cardboard
train\cardboard\cardboard349.jpg,cardboard
train\cardboard\cardboard35.jpg,cardboard
train\cardboard\cardboard350.jpg,cardboard
train\cardboard\cardboard351.jpg,cardboard
train\cardboard\cardboard352.jpg,cardboard
train\cardboard\cardboard353.jpg,cardboard
train\cardboard\cardboard354.jpg,cardboard
train\cardboard\cardboard355.jpg,cardboard
train\cardboard\cardboard356.jpg,cardboard
train\cardboard\cardboard357.jpg,cardboard
train\cardboard\cardboard358.jpg,cardboard
train\cardboard\cardboard359.jpg,cardboard
train\cardboard\cardboard36.jpg,cardboard
train\cardboard\cardboard360.jpg,cardboard
train\cardboard\cardboard361.jpg,cardboard
train\cardboard\cardboard362.jpg,cardboard
train\cardboard\cardboard363.jpg,cardboard
train\cardboard\cardboard364.jpg,cardboard
train\cardboard\cardboard365.jpg,cardboard
train\cardboard\cardboard366.jpg,cardboard
train\cardboard\cardboard367.jpg,cardboard
train\cardboard\cardboard368.jpg,cardboard
train\cardboard\cardboard369.jpg,cardboard
train\cardboard\cardboard370.jpg,cardboard
train\cardboard\cardboard371.jpg,cardboard
train\cardboard\cardboard372.jpg,cardboard
train\cardboard\cardboard373.jpg,cardboard
train\cardboard\cardboard374.jpg,cardboard
train\cardboard\cardboard375.jpg,cardboard
train\cardboard\cardboard376.jpg,cardboard
train\cardboard\cardboard377.jpg,cardboard
train\cardboard\cardboard378.jpg,cardboard
train\cardboard\cardboard379.jpg,cardboard
train\cardboard\cardboard38.jpg,cardboard
train\cardboard\cardboard380.jpg,cardboard
train\cardboard\cardboard381.jpg,cardboard
train\cardboard\cardboard382.jpg,cardboard
train\cardboard\cardboard383.jpg,cardboard
train\cardboard\cardboard384.jpg,cardboard
train\cardboard\cardboard385.jpg,cardboard
train\cardboard\cardboard386.jpg,cardboard
train\cardboard\cardboard387.jpg,cardboard
train\cardboard\cardboard388.jpg,cardboard
train\cardboard\cardboard389.jpg,cardboard
train\cardboard\cardboard39.jpg,cardboard
train\cardboard\cardboard390.jpg,cardboard
train\cardboard\cardboard391.jpg,cardboard
train\cardboard\cardboard392.jpg,cardboard
train\cardboard\cardboard393.jpg,cardboard
train\cardboard\cardboard394.jpg,cardboard
train\cardboard\cardboard395.jpg,cardboard
train\cardboard\cardboard396.jpg,cardboard
train\cardboard\cardboard397.jpg,cardboard
train\cardboard\cardboard398.jpg,cardboard
train\cardboard\cardboard399.jpg,cardboard
train\cardboard\cardboard4.jpg,cardboard
train\cardboard\cardboard40.jpg,cardboard
train\cardboard\cardboard400.jpg,cardboard
train\cardboard\cardboard401.jpg,cardboard
train\cardboard\cardboard402.jpg,cardboard
train\cardboard\cardboard403.jpg,cardboard
train\cardboard\cardboard41.jpg,cardboard
train\cardboard\cardboard42.jpg,cardboard
train\cardboard\cardboard46.jpg,cardboard
train\cardboard\cardboard48.jpg,cardboard
train\cardboard\cardboard49.jpg,cardboard
train\cardboard\cardboard5.jpg,cardboard
train\cardboard\cardboard50.jpg,cardboard
train\cardboard\cardboard51.jpg,cardboard
train\cardboard\cardboard53.jpg,cardboard
train\cardboard\cardboard54.jpg,cardboard
train\cardboard\cardboard55.jpg,cardboard
train\cardboard\cardboard56.jpg,cardboard
train\cardboard\cardboard58.jpg,cardboard
train\cardboard\cardboard59.jpg,cardboard
train\cardboard\cardboard6.jpg,cardboard
train\cardboard\cardboard60.jpg,cardboard
train\cardboard\cardboard61.jpg,cardboard
train\cardboard\cardboard62.jpg,cardboard
train\cardboard\cardboard63.jpg,cardboard
train\cardboard\cardboard65.jpg,cardboard
train\cardboard\cardboard66.jpg,cardboard
train\cardboard\cardboard67.jpg,cardboard
train\cardboard\cardboard68.jpg,cardboard
train\cardboard\cardboard69.jpg,cardboard
train\cardboard\cardboard7.jpg,cardboard
train\cardboard\cardboard70.jpg,cardboard
train\cardboard\cardboard71.jpg,cardboard
train\cardboard\cardboard73.jpg,cardboard
train\cardboard\cardboard74.jpg,cardboard
train\cardboard\cardboard75.jpg,cardboard
train\cardboard\cardboard77.jpg,cardboard
train\cardboard\cardboard78.jpg,cardboard
train\cardboard\cardboard79.jpg,cardboard
train\cardboard\cardboard8.jpg,cardboard
train\cardboard\cardboard81.jpg,cardboard
train\cardboard\cardboard82.jpg,cardboard
train\cardboard\cardboard84.jpg,cardboard
train\cardboard\cardboard85.jpg,cardboard
train\cardboard\cardboard86.jpg,cardboard
train\cardboard\cardboard87.jpg,cardboard
train\cardboard\cardboard88.jpg,cardboard
train\cardboard\cardboard9.jpg,cardboard
train\cardboard\cardboard90.jpg,cardboard
train\cardboard\cardboard92.jpg,cardboard
train\cardboard\cardboard93.jpg,cardboard
train\cardboard\cardboard94.jpg,cardboard
train\cardboard\cardboard96.jpg,cardboard
train\cardboard\cardboard97.jpg,cardboard
train\cardboard\cardboard98.jpg,cardboard
train\cardboard\cardboard99.jpg,cardboard
train\compost\compost1.jpg,compost
train\compost\compost100.jpg,compost
train\compost\compost101.jpg,compost
train\compost\compost102.jpg,compost
train\compost\compost103.jpg,compost
train\compost\compost104.jpg,compost
train\compost\compost105.jpg,compost
train\compost\compost107.jpg,compost
train\compost\compost108.jpg,compost
train\compost\compost109.jpg,compost
train\compost\compost11.jpg,compost
train\compost\compost110.jpg,compost
train\compost\compost111.jpg,compost
train\compost\compost112.jpg,compost
train\compost\compost113.jpg,compost
train\compost\compost116.jpg,compost
train\compost\compost12.jpg,compost
train\compost\compost120.jpg,compost
train\compost\compost121.jpg,compost
train\compost\compost122.jpg,compost
train\compost\compost123.jpg,compost
train\compost\compost124.jpg,compost
train\compost\compost125.jpg,compost
train\compost\compost126.jpg,compost
train\compost\compost127.jpg,compost
train\compost\compost128.jpg,compost
train\compost\compost129.jpg,compost
train\compost\compost13.jpg,compost
train\compost\compost130.jpg,compost
train\compost\compost132.jpg,compost
train\compost\compost133.jpg,compost
train\compost\compost134.jpg,compost
train\compost\compost135.jpg,compost
train\compost\compost136.jpg,compost
train\compost\compost137.jpg,compost
train\compost\compost139.jpg,compost
train\compost\compost14.jpg,compost
train\compost\compost140.jpg,compost
train\compost\compost141.jpg,compost
train\compost\compost142.jpg,compost
train\compost\compost143.jpg,compost
train\compost\compost144.jpg,compost
train\compost\compost145.jpg,compost
train\compost\compost146.jpg,compost
train\compost\compost147.jpg,compost
train\compost\compost148.jpg,compost
train\compost\compost15.jpg,compost
train\compost\compost150.jpg,compost
train\compost\compost151.jpg,compost
train\compost\compost152.jpg,compost
train\compost\compost153.jpg,compost
train\compost\compost155.jpg,compost
train\compost\compost156.jpg,compost
train\compost\compost157.jpg,compost
train\compost\compost158.jpg,compost
train\compost\compost159.jpg,compost
train\compost\compost16.jpg,compost
train\compost\compost160.jpg,compost
train\compost\compost161.jpg,compost
train\compost\compost163.jpg,compost
train\compost\compost164.jpg,compost
train\compost\compost167.jpg,compost
train\compost\compost168.jpg,compost
train\compost\compost169.jpg,compost
train\compost\compost17.jpg,compost
train\compost\compost170.jpg,compost
train\compost\compost172.jpg,compost
train\compost\compost173.jpg,compost
train\compost\compost174.jpg,compost
train\compost\compost176.jpg,compost
train\compost\compost177.jpg,compost
train\compost\compost18.jpg,compost
train\compost\compost19.jpg,compost
train\compost\compost2.jpg,compost
train\compost\compost20.jpg,compost
train\compost\compost21.jpg,compost
train\compost\compost23.jpg,compost
train\compost\compost25.jpg,compost
train\compost\compost26.jpg,compost
train\compost\compost27.jpg,compost
train\compost\compost29.jpg,compost
train\compost\compost3.jpg,compost
train\compost\compost30.jpg,compost
train\compost\compost31.jpg,compost
train\compost\compost32.jpg,compost
train\compost\compost33.jpg,compost
train\compost\compost34.jpg,compost
train\compost\compost36.jpg,compost
train\compost\compost37.jpg,compost
train\compost\compost38.jpg,compost
train\compost\compost39.jpg,compost
train\compost\compost40.jpg,compost
train\compost\compost41.jpg,compost
train\compost\compost44.jpg,compost
train\compost\compost45.jpg,compost
train\compost\compost46.jpg,compost
train\compost\compost47.jpg,compost
train\compost\compost48.jpg,compost
train\compost\compost49.jpg,compost
train\compost\compost50.jpg,compost
train\compost\compost52.jpg,compost
train\compost\compost53.jpg,compost
train\compost\compost55.jpg,compost
train\compost\compost56.jpg,compost
train\compost\compost58.jpg,compost
train\compost\compost59.jpg,compost
train\compost\compost6.jpg,compost
train\compost\compost60.jpg,compost
train\compost\compost62.jpg,compost
train\compost\compost63.jpg,compost
train\compost\compost64.jpg,compost
train\compost\compost67.jpg,compost
train\compost\compost68.jpg,compost
train\compost\compost69.jpg,compost
train\compost\compost7.jpg,compost
train\compost\compost72.jpg,compost
train\compost\compost73.jpg,compost
train\compost\compost75.jpg,compost
train\compost\compost76.jpg,compost
train\compost\compost78.jpg,compost
train\compost\compost79.jpg,compost
train\compost\compost8.jpg,compost
train\compost\compost80.jpg,compost
train\compost\compost82.jpg,compost
train\compost\compost83.jpg,compost
train\compost\compost84.jpg,compost
train\compost\compost85.jpg,compost
train\compost\compost86.jpg,compost
train\compost\compost87.jpg,compost
train\compost\compost88.jpg,compost
train\compost\compost89.jpg,compost
train\compost\compost91.jpg,compost
train\compost\compost92.jpg,compost
train\compost\compost93.jpg,compost
train\compost\compost94.jpg,compost
train\compost\compost96.jpg,compost
train\compost\compost97.jpg,compost
train\compost\compost98.jpg,compost
train\compost\compost99.jpg,compost
train\glass\glass1.jpg,glass
train\glass\glass10.jpg,glass
train\glass\glass100.jpg,glass
train\glass\glass101.jpg,glass
train\glass\glass102.jpg,glass
train\glass\glass103.jpg,glass
train\glass\glass104.jpg,glass
train\glass\glass105.jpg,glass
train\glass\glass106.jpg,glass
train\glass\glass107.jpg,glass
train\glass\glass109.jpg,glass
train\glass\glass11.jpg,glass
train\glass\glass110.jpg,glass
train\glass\glass111.jpg,glass
train\glass\glass112.jpg,glass
train\glass\glass113.jpg,glass
train\glass\glass114.jpg,glass
train\glass\glass115.jpg,glass
train\glass\glass116.jpg,glass
train\glass\glass117.jpg,glass
train\glass\glass118.jpg,glass
train\glass\glass119.jpg,glass
train\glass\glass12.jpg,glass
train\glass\glass120.jpg,glass
train\glass\glass121.jpg,glass
train\glass\glass122.jpg,glass
train\glass\glass124.jpg,glass
train\glass\glass125.jpg,glass
train\glass\glass126.jpg,glass
train\glass\glass127.jpg,glass
train\glass\glass128.jpg,glass
train\glass\glass129.jpg,glass
train\glass\glass13.jpg,glass
train\glass\glass130.jpg,glass
train\glass\glass131.jpg,glass
train\glass\glass132.jpg,glass
train\glass\glass133.jpg,glass
train\glass\glass134.jpg,glass
train\glass\glass135.jpg,glass
train\glass\glass136.jpg,glass
train\glass\glass137.jpg,glass
train\glass\glass138.jpg,glass
train\glass\glass139.jpg,glass
train\glass\glass140.jpg,glass
train\glass\glass141.jpg,glass
train\glass\glass143.jpg,glass
train\glass\glass144.jpg,glass
train\glass\glass145.jpg,glass
train\glass\glass146.jpg,glass
train\glass\glass147.jpg,glass
train\glass\glass148.jpg,glass
train\glass\glass149.jpg,glass
train\glass\glass15.jpg,glass
train\glass\glass150.jpg,glass
train\glass\glass152.jpg,glass
train\glass\glass153.jpg,glass
train\glass\glass155.jpg,glass
train\glass\glass156.jpg,glass
train\glass\glass157.jpg,glass
train\glass\glass158.jpg,glass
train\glass\glass16.jpg,glass
train\glass\glass160.jpg,glass
train\glass\glass161.jpg,glass
train\glass\glass162.jpg,glass
train\glass\glass163.jpg,glass
train\glass\glass165.jpg,glass
train\glass\glass167.jpg,glass
train\glass\glass168.jpg,glass
train\glass\glass170.jpg,glass
train\glass\glass171.jpg,glass
train\glass\glass172.jpg,glass
train\glass\glass174.jpg,glass
train\glass\glass176.jpg,glass
train\glass\glass177.jpg,glass
train\glass\glass178.jpg,glass
train\glass\glass179.jpg,glass
train\glass\glass18.jpg,glass
train\glass\glass180.jpg,glass
train\glass\glass181.jpg,glass
train\glass\glass182.jpg,glass
train\glass\glass183.jpg,glass
train\glass\glass184.jpg,glass
train\glass\glass185.jpg,glass
train\glass\glass186.jpg,glass
train\glass\glass187.jpg,glass
train\glass\glass188.jpg,glass
train\glass\glass189.jpg,glass
train\glass\glass190.jpg,glass
train\glass\glass191.jpg,glass
train\glass\glass192.jpg,glass
train\glass\glass194.jpg,glass
train\glass\glass195.jpg,glass
train\glass\glass196.jpg,glass
train\glass\glass197.jpg,glass
train\glass\glass198.jpg,glass
train\glass\glass199.jpg,glass
train\glass\glass2.jpg,glass
train\glass\glass200.jpg,glass
train\glass\glass202.jpg,glass
train\glass\glass203.jpg,glass
train\glass\glass204.jpg,glass
train\glass\glass205.jpg,glass
train\glass\glass206.jpg,glass
train\glass\glass207.jpg,glass
train\glass\glass210.jpg,glass
train\glass\glass211.jpg,glass
train\glass\glass213.jpg,glass
train\glass\glass214.jpg,glass
train\glass\glass217.jpg,glass
train\glass\glass218.jpg,glass
train\glass\glass219.jpg,glass
train\glass\glass22.jpg,glass
train\glass\glass221.jpg,glass
train\glass\glass222.jpg,glass
train\glass\glass223.jpg,glass
train\glass\glass224.jpg,glass
train\glass\glass225.jpg,glass
train\glass\glass226.jpg,glass
train\glass\glass227.jpg,glass
train\glass\glass228.jpg,glass
train\glass\glass229.jpg,glass
train\glass\glass230.jpg,glass
train\glass\glass231.jpg,glass
train\glass\glass232.jpg,glass
train\glass\glass233.jpg,glass
train\glass\glass234.jpg,glass
train\glass\glass235.jpg,glass
train\glass\glass236.jpg,glass
train\glass\glass237.jpg,glass
train\glass\glass238.jpg,glass
train\glass\glass239.jpg,glass
train\glass\glass24.jpg,glass
train\glass\glass240.jpg,glass
train\glass\glass241.jpg,glass
train\glass\glass242.jpg,glass
train\glass\glass243.jpg,glass
train\glass\glass244.jpg,glass
train\glass\glass245.jpg,glass
train\glass\glass246.jpg,glass
train\glass\glass247.jpg,glass
train\glass\glass248.jpg,glass
train\glass\glass249.jpg,glass
train\glass\glass25.jpg,glass
train\glass\glass250.jpg,glass
train\glass\glass251.jpg,glass
train\glass\glass252.jpg,glass
train\glass\glass253.jpg,glass
train\glass\glass254.jpg,glass
train\glass\glass255.jpg,glass
train\glass\glass256.jpg,glass
train\glass\glass257.jpg,glass
train\glass\glass258.jpg,glass
train\glass\glass259.jpg,glass
train\glass\glass26.jpg,glass
train\glass\glass260.jpg,glass
train\glass\glass261.jpg,glass
train\glass\glass262.jpg,glass
train\glass\glass263.jpg,glass
train\glass\glass264.jpg,glass
train\glass\glass265.jpg,glass
train\glass\glass266.jpg,glass
train\glass\glass267.jpg,glass
train\glass\glass268.jpg,glass
train\glass\glass269.jpg,glass
train\glass\glass27.jpg,glass
train\glass\glass270.jpg,glass
train\glass\glass271.jpg,glass
train\glass\glass272.jpg,glass
train\glass\glass273.jpg,glass
train\glass\glass274.jpg,glass
train\glass\glass275.jpg,glass
train\glass\glass276.jpg,glass
train\glass\glass277.jpg,glass
train\glass\glass278.jpg,glass
train\glass\glass279.jpg,glass
train\glass\glass28.jpg,glass
train\glass\glass280.jpg,glass
train\glass\glass281.jpg,glass
train\glass\glass282.jpg,glass
train\glass\glass283.jpg,glass
train\glass\glass284.jpg,glass
train\glass\glass285.jpg,glass
train\glass\glass286.jpg,glass
train\glass\glass287.jpg,glass
train\glass\glass288.jpg,glass
train\glass\glass289.jpg,glass
train\glass\glass29.jpg,glass
train\glass\glass290.jpg,glass
train\glass\glass291.jpg,glass
train\glass\glass292.jpg,glass
train\glass\glass293.jpg,glass
train\glass\glass294.jpg,glass
train\glass\glass295.jpg,glass
train\glass\glass296.jpg,glass
train\glass\glass297.jpg,glass
train\glass\glass298.jpg,glass
train\glass\glass299.jpg,glass
train\glass\glass3.jpg,glass
train\glass\glass30.jpg,glass
train\glass\glass300.jpg,glass
train\glass\glass301.jpg,glass
train\glass\glass302.jpg,glass
train\glass\glass303.jpg,glass
train\glass\glass304.jpg,glass
train\glass\glass305.jpg,glass
train\glass\glass306.jpg,glass
train\glass\glass307.jpg,glass
train\glass\glass308.jpg,glass
train\glass\glass309.jpg,glass
train\glass\glass31.jpg,glass
train\glass\glass310.jpg,glass
train\glass\glass311.jpg,glass
train\glass\glass312.jpg,glass
train\glass\glass313.jpg,glass
train\glass\glass314.jpg,glass
train\glass\glass315.jpg,glass
train\glass\glass316.jpg,glass
train\glass\glass317.jpg,glass
train\glass\glass318.jpg,glass
train\glass\glass319.jpg,glass
train\glass\glass32.jpg,glass
train\glass\glass320.jpg,glass
train\glass\glass321.jpg,glass
train\glass\glass322.jpg,glass
train\glass\glass323.jpg,glass
train\glass\glass324.jpg,glass
train\glass\glass325.jpg,glass
train\glass\glass326.jpg,glass
train\glass\glass327.jpg,glass
train\glass\glass328.jpg,glass
train\glass\glass329.jpg,glass
train\glass\glass33.jpg,glass
train\glass\glass330.jpg,glass
train\glass\glass331.jpg,glass
train\glass\glass332.jpg,glass
train\glass\glass333.jpg,glass
train\glass\glass334.jpg,glass
train\glass\glass335.jpg,glass
train\glass\glass336.jpg,glass
train\glass\glass337.jpg,glass
train\glass\glass338.jpg,glass
train\glass\glass339.jpg,glass
train\glass\glass34.jpg,glass
train\glass\glass340.jpg,glass
train\glass\glass341.jpg,glass
train\glass\glass342.jpg,glass
train\glass\glass343.jpg,glass
train\glass\glass344.jpg,glass
train\glass\glass345.jpg,glass
train\glass\glass346.jpg,glass
train\glass\glass347.jpg,glass
train\glass\glass348.jpg,glass
train\glass\glass349.jpg,glass
train\glass\glass350.jpg,glass
train\glass\glass351.jpg,glass
train\glass\glass352.jpg,glass
train\glass\glass353.jpg,glass
train\glass\glass354.jpg,glass
train\glass\glass355.jpg,glass
train\glass\glass356.jpg,glass
train\glass\glass357.jpg,glass
train\glass\glass358.jpg,glass
train\glass\glass359.jpg,glass
train\glass\glass36.jpg,glass
train\glass\glass360.jpg,glass
train\glass\glass361.jpg,glass
train\glass\glass362.jpg,glass
train\glass\glass363.jpg,glass
train\glass\glass364.jpg,glass
train\glass\glass365.jpg,glass
train\glass\glass366.jpg,glass
train\glass\glass367.jpg,glass
train\glass\glass368.jpg,glass
train\glass\glass369.jpg,glass
train\glass\glass370.jpg,glass
train\glass\glass371.jpg,glass
train\glass\glass372.jpg,glass
train\glass\glass373.jpg,glass
train\glass\glass374.jpg,glass
train\glass\glass375.jpg,glass
train\glass\glass376.jpg,glass
train\glass\glass377.jpg,glass
train\glass\glass378.jpg,glass
train\glass\glass379.jpg,glass
train\glass\glass380.jpg,glass
train\glass\glass381.jpg,glass
train\glass\glass382.jpg,glass
train\glass\glass383.jpg,glass
train\glass\glass384.jpg,glass
train\glass\glass385.jpg,glass
train\glass\glass386.jpg,glass
train\glass\glass387.jpg,glass
train\glass\glass388.jpg,glass
train\glass\glass389.jpg,glass
train\glass\glass39.jpg,glass
train\glass\glass390.jpg,glass
train\glass\glass391.jpg,glass
train\glass\glass392.jpg,glass
train\glass\glass393.jpg,glass
train\glass\glass394.jpg,glass
train\glass\glass395.jpg,glass
train\glass\glass396.jpg,glass
train\glass\glass397.jpg,glass
train\glass\glass398.jpg,glass
train\glass\glass399.jpg,glass
train\glass\glass4.jpg,glass
train\glass\glass40.jpg,glass
train\glass\glass400.jpg,glass
train\glass\glass401.jpg,glass
train\glass\glass402.jpg,glass
train\glass\glass403.jpg,glass
train\glass\glass404.jpg,glass
train\glass\glass405.jpg,glass
train\glass\glass406.jpg,glass
train\glass\glass407.jpg,glass
train\glass\glass408.jpg,glass
train\glass\glass409.jpg,glass
train\glass\glass410.jpg,glass
train\glass\glass411.jpg,glass
train\glass\glass412.jpg,glass
train\glass\glass413.jpg,glass
train\glass\glass414.jpg,glass
train\glass\glass415.jpg,glass
train\glass\glass416.jpg,glass
train\glass\glass417.jpg,glass
train\glass\glass418.jpg,glass
train\glass\glass419.jpg,glass
train\glass\glass42.jpg,glass
train\glass\glass420.jpg,glass
train\glass\glass421.jpg,glass
train\glass\glass422.jpg,glass
train\glass\glass423.jpg,glass
train\glass\glass424.jpg,glass
train\glass\glass425.jpg,glass
train\glass\glass426.jpg,glass
train\glass\glass427.jpg,glass
train\glass\glass428.jpg,glass
train\glass\glass429.jpg,glass
train\glass\glass430.jpg,glass
train\glass\glass431.jpg,glass
train\glass\glass432.jpg,glass
train\glass\glass433.jpg,glass
train\glass\glass434.jpg,glass
train\glass\glass435.jpg,glass
train\glass\glass436.jpg,glass
train\glass\glass437.jpg,glass
train\glass\glass438.jpg,glass
train\glass\glass439.jpg,glass
train\glass\glass44.jpg,glass
train\glass\glass440.jpg,glass
train\glass\glass441.jpg,glass
train\glass\glass442.jpg,glass
train\glass\glass443.jpg,glass
train\glass\glass444.jpg,glass
train\glass\glass445.jpg,glass
train\glass\glass446.jpg,glass
train\glass\glass447.jpg,glass
train\glass\glass448.jpg,glass
train\glass\glass449.jpg,glass
train\glass\glass45.jpg,glass
train\glass\glass450.jpg,glass
train\glass\glass451.jpg,glass
train\glass\glass452.jpg,glass
train\glass\glass453.jpg,glass
train\glass\glass454.jpg,glass
train\glass\glass455.jpg,glass
train\glass\glass456.jpg,glass
train\glass\glass457.jpg,glass
train\glass\glass458.jpg,glass
train\glass\glass459.jpg,glass
train\glass\glass46.jpg,glass
train\glass\glass460.jpg,glass
train\glass\glass461.jpg,glass
train\glass\glass462.jpg,glass
train\glass\glass463.jpg,glass
train\glass\glass464.jpg,glass
train\glass\glass465.jpg,glass
train\glass\glass466.jpg,glass
train\glass\glass467.jpg,glass
train\glass\glass468.jpg,glass
train\glass\glass469.jpg,glass
train\glass\glass47.jpg,glass
train\glass\glass470.jpg,glass
train\glass\glass471.jpg,glass
train\glass\glass472.jpg,glass
train\glass\glass473.jpg,glass
train\glass\glass474.jpg,glass
train\glass\glass475.jpg,glass
train\glass\glass476.jpg,glass
train\glass\glass477.jpg,glass
train\glass\glass478.jpg,glass
train\glass\glass479.jpg,glass
train\glass\glass48.jpg,glass
train\glass\glass480.jpg,glass
train\glass\glass481.jpg,glass
train\glass\glass482.jpg,glass
train\glass\glass483.jpg,glass
train\glass\glass484.jpg,glass
train\glass\glass485.jpg,glass
train\glass\glass486.jpg,glass
train\glass\glass487.jpg,glass
train\glass\glass488.jpg,glass
train\glass\glass489.jpg,glass
train\glass\glass49.jpg,glass
train\glass\glass490.jpg,glass
train\glass\glass491.jpg,glass
train\glass\glass492.jpg,glass
train\glass\glass493.jpg,glass
train\glass\glass494.jpg,glass
train\glass\glass495.jpg,glass
train\glass\glass496.jpg,glass
train\glass\glass497.jpg,glass
train\glass\glass498.jpg,glass
train\glass\glass499.jpg,glass
train\glass\glass5.jpg,glass
train\glass\glass50.jpg,glass
train\glass\glass500.jpg,glass
train\glass\glass501.jpg,glass
train\glass\glass51.jpg,glass
train\glass\glass52.jpg,glass
train\glass\glass53.jpg,glass
train\glass\glass54.jpg,glass
train\glass\glass55.jpg,glass
train\glass\glass56.jpg,glass
train\glass\glass57.jpg,glass
train\glass\glass58.jpg,glass
train\glass\glass59.jpg,glass
train\glass\glass6.jpg,glass
train\glass\glass62.jpg,glass
train\glass\glass63.jpg,glass
train\glass\glass64.jpg,glass
train\glass\glass66.jpg,glass
train\glass\glass67.jpg,glass
train\glass\glass68.jpg,glass
train\glass\glass69.jpg,glass
train\glass\glass70.jpg,glass
train\glass\glass71.jpg,glass
train\glass\glass72.jpg,glass
train\glass\glass73.jpg,glass
train\glass\glass74.jpg,glass
train\glass\glass75.jpg,glass
train\glass\glass78.jpg,glass
train\glass\glass79.jpg,glass
train\glass\glass8.jpg,glass
train\glass\glass80.jpg,glass
train\glass\glass81.jpg,glass
train\glass\glass83.jpg,glass
train\glass\glass86.jpg,glass
train\glass\glass87.jpg,glass
train\glass\glass88.jpg,glass
train\glass\glass89.jpg,glass
train\glass\glass9.jpg,glass
train\glass\glass90.jpg,glass
train\glass\glass91.jpg,glass
train\glass\glass92.jpg,glass
train\glass\glass93.jpg,glass
train\glass\glass94.jpg,glass
train\glass\glass95.jpg,glass
train\glass\glass96.jpg,glass
train\glass\glass97.jpg,glass
train\glass\glass99.jpg,glass
train\metal\metal1.jpg,metal
train\metal\metal10.jpg,metal
train\metal\metal100.jpg,metal
train\metal\metal101.jpg,metal
train\metal\metal102.jpg,metal
train\metal\metal104.jpg,metal
train\metal\metal107.jpg,metal
train\metal\metal108.jpg,metal
train\metal\metal109.jpg,metal
train\metal\metal11.jpg,metal
train\metal\metal110.jpg,metal
train\metal\metal113.jpg,metal
train\metal\metal114.jpg,metal
train\metal\metal115.jpg,metal
train\metal\metal116.jpg,metal
train\metal\metal117.jpg,metal
train\metal\metal118.jpg,metal
train\metal\metal119.jpg,metal
train\metal\metal12.jpg,metal
train\metal\metal120.jpg,metal
train\metal\metal122.jpg,metal
train\metal\metal123.jpg,metal
train\metal\metal124.jpg,metal
train\metal\metal126.jpg,metal
train\metal\metal127.jpg,metal
train\metal\metal128.jpg,metal
train\metal\metal129.jpg,metal
train\metal\metal13.jpg,metal
train\metal\metal130.jpg,metal
train\metal\metal131.jpg,metal
train\metal\metal132.jpg,metal
train\metal\metal133.jpg,metal
train\metal\metal136.jpg,metal
train\metal\metal137.jpg,metal
train\metal\metal138.jpg,metal
train\metal\metal139.jpg,metal
train\metal\metal14.jpg,metal
train\metal\metal140.jpg,metal
train\metal\metal141.jpg,metal
train\metal\metal142.jpg,metal
train\metal\metal143.jpg,metal
train\metal\metal146.jpg,metal
train\metal\metal147.jpg,metal
train\metal\metal148.jpg,metal
train\metal\metal149.jpg,metal
train\metal\metal152.jpg,metal
train\metal\metal153.jpg,metal
train\metal\metal155.jpg,metal
train\metal\metal157.jpg,metal
train\metal\metal158.jpg,metal
train\metal\metal159.jpg,metal
train\metal\metal16.jpg,metal
train\metal\metal160.jpg,metal
train\metal\metal161.jpg,metal
train\metal\metal162.jpg,metal
train\metal\metal164.jpg,metal
train\metal\metal165.jpg,metal
train\metal\metal167.jpg,metal
train\metal\metal168.jpg,metal
train\metal\metal169.jpg,metal
train\metal\metal17.jpg,metal
train\metal\metal170.jpg,metal
train\metal\metal171.jpg,metal
train\metal\metal172.jpg,metal
train\metal\metal173.jpg,metal
train\metal\metal174.jpg,metal
train\metal\metal175.jpg,metal
train\metal\metal176.jpg,metal
train\metal\metal177.jpg,metal
train\metal\metal179.jpg,metal
train\metal\metal18.jpg,metal
train\metal\metal183.jpg,metal
train\metal\metal184.jpg,metal
train\metal\metal185.jpg,metal
train\metal\metal186.jpg,metal
train\metal\metal187.jpg,metal
train\metal\metal188.jpg,metal
train\metal\metal189.jpg,metal
train\metal\metal19.jpg,metal
train\metal\metal190.jpg,metal
train\metal\metal191.jpg,metal
train\metal\metal192.jpg,metal
train\metal\metal193.jpg,metal
train\metal\metal194.jpg,metal
train\metal\metal195.jpg,metal
train\metal\metal196.jpg,metal
train\metal\metal198.jpg,metal
train\metal\metal199.jpg,metal
train\metal\metal2.jpg,metal
train\metal\metal20.jpg,metal
train\metal\metal200.jpg,metal
train\metal\metal201.jpg,metal
train\metal\metal202.jpg,metal
train\metal\metal203.jpg,metal
train\metal\metal204.jpg,metal
train\metal\metal205.jpg,metal
train\metal\metal207.jpg,metal
train\metal\metal208.jpg,metal
train\metal\metal209.jpg,metal
train\metal\metal21.jpg,metal
train\metal\metal211.jpg,metal
train\metal\metal213.jpg,metal
train\metal\metal214.jpg,metal
train\metal\metal216.jpg,metal
train\metal\metal217.jpg,metal
train\metal\metal218.jpg,metal
train\metal\metal219.jpg,metal
train\metal\metal22.jpg,metal
train\metal\metal220.jpg,metal
train\metal\metal221.jpg,metal
train\metal\metal223.jpg,metal
train\metal\metal224.jpg,metal
train\metal\metal225.jpg,metal
train\metal\metal226.jpg,metal
train\metal\metal227.jpg,metal
train\metal\metal228.jpg,metal
train\metal\metal229.jpg,metal
train\metal\metal23.jpg,metal
train\metal\metal230.jpg,metal
train\metal\metal231.jpg,metal
train\metal\metal233.jpg,metal
train\metal\metal234.jpg,metal
train\metal\metal235.jpg,metal
train\metal\metal236.jpg,metal
train\metal\metal237.jpg,metal
train\metal\metal238.jpg,metal
train\metal\metal239.jpg,metal
train\metal\metal24.jpg,metal
train\metal\metal240.jpg,metal
train\metal\metal241.jpg,metal
train\metal\metal242.jpg,metal
train\metal\metal243.jpg,metal
train\metal\metal244.jpg,metal
train\metal\metal245.jpg,metal
train\metal\metal246.jpg,metal
train\metal\metal247.jpg,metal
train\metal\metal248.jpg,metal
train\metal\metal249.jpg,metal
train\metal\metal25.jpg,metal
train\metal\metal250.jpg,metal
train\metal\metal251.jpg,metal
train\metal\metal252.jpg,metal
train\metal\metal253.jpg,metal
train\metal\metal254.jpg,metal
train\metal\metal255.jpg,metal
train\metal\metal256.jpg,metal
train\metal\metal257.jpg,metal
train\metal\metal258.jpg,metal
train\metal\metal259.jpg,metal
train\metal\metal26.jpg,metal
train\metal\metal260.jpg,metal
train\metal\metal261.jpg,metal
train\metal\metal262.jpg,metal
train\metal\metal263.jpg,metal
train\metal\metal264.jpg,metal
train\metal\metal265.jpg,metal
train\metal\metal266.jpg,metal
train\metal\metal267.jpg,metal
train\metal\metal268.jpg,metal
train\metal\metal269.jpg,metal
train\metal\metal27.jpg,metal
train\metal\metal270.jpg,metal
train\metal\metal271.jpg,metal
train\metal\metal272.jpg,metal
train\metal\metal273.jpg,metal
train\metal\metal274.jpg,metal
train\metal\metal275.jpg,metal
train\metal\metal276.jpg,metal
train\metal\metal277.jpg,metal
train\metal\metal278.jpg,metal
train\metal\metal279.jpg,metal
train\metal\metal28.jpg,metal
train\metal\metal280.jpg,metal
train\metal\metal281.jpg,metal
train\metal\metal282.jpg,metal
train\metal\metal283.jpg,metal
train\metal\metal284.jpg,metal
train\metal\metal285.jpg,metal
train\metal\metal286.jpg,metal
train\metal\metal287.jpg,metal
train\metal\metal288.jpg,metal
train\metal\metal289.jpg,metal
train\metal\metal29.jpg,metal
train\metal\metal290.jpg,metal
train\metal\metal291.jpg,metal
train\metal\metal292.jpg,metal
train\metal\metal293.jpg,metal
train\metal\metal294.jpg,metal
train\metal\metal295.jpg,metal
train\metal\metal296.jpg,metal
train\metal\metal297.jpg,metal
train\metal\metal298.jpg,metal
train\metal\metal299.jpg,metal
train\metal\metal3.jpg,metal
train\metal\metal30.jpg,metal
train\metal\metal300.jpg,metal
train\metal\metal301.jpg,metal
train\metal\metal302.jpg,metal
train\metal\metal303.jpg,metal
train\metal\metal304.jpg,metal
train\metal\metal305.jpg,metal
train\metal\metal306.jpg,metal
train\metal\metal307.jpg,metal
train\metal\metal308.jpg,metal
train\metal\metal309.jpg,metal
train\metal\metal31.jpg,metal
train\metal\metal310.jpg,metal
train\metal\metal311.jpg,metal
train\metal\metal312.jpg,metal
train\metal\metal313.jpg,metal
train\metal\metal314.jpg,metal
train\metal\metal315.jpg,metal
train\metal\metal316.jpg,metal
train\metal\metal317.jpg,metal
train\metal\metal318.jpg,metal
train\metal\metal319.jpg,metal
train\metal\metal32.jpg,metal
train\metal\metal320.jpg,metal
train\metal\metal321.jpg,metal
train\metal\metal322.jpg,metal
train\metal\metal323.jpg,metal
train\metal\metal324.jpg,metal
train\metal\metal325.jpg,metal
train\metal\metal326.jpg,metal
train\metal\metal327.jpg,metal
train\metal\metal328.jpg,metal
train\metal\metal329.jpg,metal
train\metal\metal33.jpg,metal
train\metal\metal330.jpg,metal
train\metal\metal331.jpg,metal
train\metal\metal332.jpg,metal
train\metal\metal333.jpg,metal
train\metal\metal334.jpg,metal
train\metal\metal335.jpg,metal
train\metal\metal336.jpg,metal
train\metal\metal337.jpg,metal
train\metal\metal338.jpg,metal
train\metal\metal339.jpg,metal
train\metal\metal34.jpg,metal
train\metal\metal340.jpg,metal
train\metal\metal341.jpg,metal
train\metal\metal342.jpg,metal
train\metal\metal343.jpg,metal
train\metal\metal344.jpg,metal
train\metal\metal345.jpg,metal
train\metal\metal346.jpg,metal
train\metal\metal347.jpg,metal
train\metal\metal348.jpg,metal
train\metal\metal349.jpg,metal
train\metal\metal350.jpg,metal
train\metal\metal351.jpg,metal
train\metal\metal352.jpg,metal
train\metal\metal353.jpg,metal
train\metal\metal354.jpg,metal
train\metal\metal355.jpg,metal
train\metal\metal356.jpg,metal
train\metal\metal357.jpg,metal
train\metal\metal358.jpg,metal
train\metal\metal359.jpg,metal
train\metal\metal36.jpg,metal
train\metal\metal360.jpg,metal
train\metal\metal361.jpg,metal
train\metal\metal362.jpg,metal
train\metal\metal363.jpg,metal
train\metal\metal364.jpg,metal
train\metal\metal365.jpg,metal
train\metal\metal366.jpg,metal
train\metal\metal367.jpg,metal
train\metal\metal368.jpg,metal
train\metal\metal369.jpg,metal
train\metal\metal37.jpg,metal
train\metal\metal370.jpg,metal
train\metal\metal371.jpg,metal
train\metal\metal372.jpg,metal
train\metal\metal373.jpg,metal
train\metal\metal374.jpg,metal
train\metal\metal375.jpg,metal
train\metal\metal376.jpg,metal
train\metal\metal377.jpg,metal
train\metal\metal378.jpg,metal
train\metal\metal379.jpg,metal
train\metal\metal38.jpg,metal
train\metal\metal380.jpg,metal
train\metal\metal381.jpg,metal
train\metal\metal382.jpg,metal
train\metal\metal383.jpg,metal
train\metal\metal384.jpg,metal
train\metal\metal385.jpg,metal
train\metal\metal386.jpg,metal
train\metal\metal387.jpg,metal
train\metal\metal388.jpg,metal
train\metal\metal389.jpg,metal
train\metal\metal39.jpg,metal
train\metal\metal390.jpg,metal
train\metal\metal391.jpg,metal
train\metal\metal392.jpg,metal
train\metal\metal393.jpg,metal
train\metal\metal394.jpg,metal
train\metal\metal395.jpg,metal
train\metal\metal396.jpg,metal
train\metal\metal397.jpg,metal
train\metal\metal398.jpg,metal
train\metal\metal399.jpg,metal
train\metal\metal4.jpg,metal
train\metal\metal40.jpg,metal
train\metal\metal400.jpg,metal
train\metal\metal401.jpg,metal
train\metal\metal402.jpg,metal
train\metal\metal403.jpg,metal
train\metal\metal404.jpg,metal
train\metal\metal405.jpg,metal
train\metal\metal406.jpg,metal
train\metal\metal407.jpg,metal
train\metal\metal408.jpg,metal
train\metal\metal409.jpg,metal
train\metal\metal41.jpg,metal
train\metal\metal410.jpg,metal
train\metal\metal42.jpg,metal
train\metal\metal43.jpg,metal
train\metal\metal44.jpg,metal
train\metal\metal45.jpg,metal
train\metal\metal46.jpg,metal
train\metal\metal47.jpg,metal
train\metal\metal48.jpg,metal
train\metal\metal49.jpg,metal
train\metal\metal5.jpg,metal
train\metal\metal51.jpg,metal
train\metal\metal52.jpg,metal
train\metal\metal53.jpg,metal
train\metal\metal54.jpg,metal
train\metal\metal56.jpg,metal
train\metal\metal57.jpg,metal
train\metal\metal58.jpg,metal
train\metal\metal59.jpg,metal
train\metal\metal6.jpg,metal
train\metal\metal60.jpg,metal
train\metal\metal61.jpg,metal
train\metal\metal62.jpg,metal
train\metal\metal63.jpg,metal
train\metal\metal64.jpg,metal
train\metal\metal65.jpg,metal
train\metal\metal67.jpg,metal
train\metal\metal68.jpg,metal
train\metal\metal69.jpg,metal
train\metal\metal7.jpg,metal
train\metal\metal70.jpg,metal
train\metal\metal73.jpg,metal
train\metal\metal74.jpg,metal
train\metal\metal75.jpg,metal
train\metal\metal76.jpg,metal
train\metal\metal78.jpg,metal
train\metal\metal79.jpg,metal
train\metal\metal8.jpg,metal
train\metal\metal80.jpg,metal
train\metal\metal83.jpg,metal
train\metal\metal85.jpg,metal
train\metal\metal86.jpg,metal
train\metal\metal87.jpg,metal
train\metal\metal88.jpg,metal
train\metal\metal89.jpg,metal
train\metal\metal9.jpg,metal
train\metal\metal90.jpg,metal
train\metal\metal91.jpg,metal
train\metal\metal92.jpg,metal
train\metal\metal93.jpg,metal
train\metal\metal94.jpg,metal
train\metal\metal95.jpg,metal
train\metal\metal97.jpg,metal
train\metal\metal98.jpg,metal
train\metal\metal99.jpg,metal
train\paper\paper1.jpg,paper
train\paper\paper10.jpg,paper
train\paper\paper100.jpg,paper
train\paper\paper101.jpg,paper
train\paper\paper103.jpg,paper
train\paper\paper105.jpg,paper
train\paper\paper107.jpg,paper
train\paper\paper108.jpg,paper
train\paper\paper109.jpg,paper
train\paper\paper11.jpg,paper
train\paper\paper110.jpg,paper
train\paper\paper111.jpg,paper
train\paper\paper112.jpg,paper
train\paper\paper113.jpg,paper
train\paper\paper115.jpg,paper
train\paper\paper116.jpg,paper
train\paper\paper117.jpg,paper
train\paper\paper118.jpg,paper
train\paper\paper119.jpg,paper
train\paper\paper12.jpg,paper
train\paper\paper120.jpg,paper
train\paper\paper121.jpg,paper
train\paper\paper122.jpg,paper
train\paper\paper123.jpg,paper
train\paper\paper124.jpg,paper
train\paper\paper125.jpg,paper
train\paper\paper126.jpg,paper
train\paper\paper128.jpg,paper
train\paper\paper129.jpg,paper
train\paper\paper13.jpg,paper
train\paper\paper130.jpg,paper
train\paper\paper131.jpg,paper
train\paper\paper134.jpg,paper
train\paper\paper136.jpg,paper
train\paper\paper137.jpg,paper
train\paper\paper139.jpg,paper
train\paper\paper14.jpg,paper
train\paper\paper140.jpg,paper
train\paper\paper141.jpg,paper
train\paper\paper142.jpg,paper
train\paper\paper143.jpg,paper
train\paper\paper144.jpg,paper
train\paper\paper145.jpg,paper
train\paper\paper146.jpg,paper
train\paper\paper147.jpg,paper
train\paper\paper148.jpg,paper
train\paper\paper149.jpg,paper
train\paper\paper15.jpg,paper
train\paper\paper150.jpg,paper
train\paper\paper151.jpg,paper
train\paper\paper152.jpg,paper
train\paper\paper153.jpg,paper
train\paper\paper154.jpg,paper
train\paper\paper155.jpg,paper
train\paper\paper156.jpg,paper
train\paper\paper158.jpg,paper
train\paper\paper159.jpg,paper
train\paper\paper16.jpg,paper
train\paper\paper161.jpg,paper
train\paper\paper162.jpg,paper
train\paper\paper163.jpg,paper
train\paper\paper164.jpg,paper
train\paper\paper165.jpg,paper
train\paper\paper166.jpg,paper
train\paper\paper167.jpg,paper
train\paper\paper168.jpg,paper
train\paper\paper17.jpg,paper
train\paper\paper170.jpg,paper
train\paper\paper172.jpg,paper
train\paper\paper173.jpg,paper
train\paper\paper174.jpg,paper
train\paper\paper175.jpg,paper
train\paper\paper177.jpg,paper
train\paper\paper178.jpg,paper
train\paper\paper179.jpg,paper
train\paper\paper18.jpg,paper
train\paper\paper181.jpg,paper
train\paper\paper183.jpg,paper
train\paper\paper185.jpg,paper
train\paper\paper188.jpg,paper
train\paper\paper189.jpg,paper
train\paper\paper19.jpg,paper
train\paper\paper191.jpg,paper
train\paper\paper192.jpg,paper
train\paper\paper193.jpg,paper
train\paper\paper194.jpg,paper
train\paper\paper195.jpg,paper
train\paper\paper196.jpg,paper
train\paper\paper197.jpg,paper
train\paper\paper198.jpg,paper
train\paper\paper199.jpg,paper
train\paper\paper2.jpg,paper
train\paper\paper20.jpg,paper
train\paper\paper200.jpg,paper
train\paper\paper201.jpg,paper
train\paper\paper202.jpg,paper
train\paper\paper203.jpg,paper
train\paper\paper205.jpg,paper
train\paper\paper206.jpg,paper
train\paper\paper207.jpg,paper
train\paper\paper208.jpg,paper
train\paper\paper209.jpg,paper
train\paper\paper21.jpg,paper
train\paper\paper210.jpg,paper
train\paper\paper211.jpg,paper
train\paper\paper212.jpg,paper
train\paper\paper213.jpg,paper
train\paper\paper214.jpg,paper
train\paper\paper215.jpg,paper
train\paper\paper216.jpg,paper
train\paper\paper217.jpg,paper
train\paper\paper218.jpg,paper
train\paper\paper219.jpg,paper
train\paper\paper22.jpg,paper
train\paper\paper220.jpg,paper
train\paper\paper221.jpg,paper
train\paper\paper222.jpg,paper
train\paper\paper223.jpg,paper
train\paper\paper224.jpg,paper
train\paper\paper225.jpg,paper
train\paper\paper226.jpg,paper
train\paper\paper227.jpg,paper
train\paper\paper228.jpg,paper
train\paper\paper229.jpg,paper
train\paper\paper23.jpg,paper
train\paper\paper230.jpg,paper
train\paper\paper231.jpg,paper
train\paper\paper232.jpg,paper
train\paper\paper233.jpg,paper
train\paper\paper234.jpg,paper
train\paper\paper235.jpg,paper
train\paper\paper236.jpg,paper
train\paper\paper237.jpg,paper
train\paper\paper238.jpg,paper
train\paper\paper239.jpg,paper
train\paper\paper24.jpg,paper
train\paper\paper240.jpg,paper
train\paper\paper241.jpg,paper
train\paper\paper242.jpg,paper
train\paper\paper243.jpg,paper
train\paper\paper244.jpg,paper
train\paper\paper245.jpg,paper
train\paper\paper246.jpg,paper
train\paper\paper247.jpg,paper
train\paper\paper248.jpg,paper
train\paper\paper249.jpg,paper
train\paper\paper25.jpg,paper
train\paper\paper250.jpg,paper
train\paper\paper251.jpg,paper
train\paper\paper252.jpg,paper
train\paper\paper253.jpg,paper
train\paper\paper254.jpg,paper
train\paper\paper255.jpg,paper
train\paper\paper256.jpg,paper
train\paper\paper257.jpg,paper
train\paper\paper258.jpg,paper
train\paper\paper259.jpg,paper
train\paper\paper26.jpg,paper
train\paper\paper260.jpg,paper
train\paper\paper261.jpg,paper
train\paper\paper262.jpg,paper
train\paper\paper263.jpg,paper
train\paper\paper264.jpg,paper
train\paper\paper265.jpg,paper
train\paper\paper266.jpg,paper
train\paper\paper267.jpg,paper
train\paper\paper268.jpg,paper
train\paper\paper269.jpg,paper
train\paper\paper27.jpg,paper
train\paper\paper270.jpg,paper
train\paper\paper271.jpg,paper
train\paper\paper272.jpg,paper
train\paper\paper273.jpg,paper
train\paper\paper274.jpg,paper
train\paper\paper275.jpg,paper
train\paper\paper276.jpg,paper
train\paper\paper277.jpg,paper
train\paper\paper278.jpg,paper
train\paper\paper279.jpg,paper
train\paper\paper28.jpg,paper
train\paper\paper280.jpg,paper
train\paper\paper281.jpg,paper
train\paper\paper282.jpg,paper
train\paper\paper283.jpg,paper
train\paper\paper284.jpg,paper
train\paper\paper285.jpg,paper
train\paper\paper286.jpg,paper
train\paper\paper287.jpg,paper
train\paper\paper288.jpg,paper
train\paper\paper289.jpg,paper
train\paper\paper29.jpg,paper
train\paper\paper290.jpg,paper
train\paper\paper291.jpg,paper
train\paper\paper292.jpg,paper
train\paper\paper293.jpg,paper
train\paper\paper294.jpg,paper
train\paper\paper295.jpg,paper
train\paper\paper296.jpg,paper
train\paper\paper297.jpg,paper
train\paper\paper298.jpg,paper
train\paper\paper299.jpg,paper
train\paper\paper3.jpg,paper
train\paper\paper30.jpg,paper
train\paper\paper300.jpg,paper
train\paper\paper301.jpg,paper
train\paper\paper302.jpg,paper
train\paper\paper303.jpg,paper
train\paper\paper304.jpg,paper
train\paper\paper305.jpg,paper
train\paper\paper306.jpg,paper
train\paper\paper307.jpg,paper
train\paper\paper308.jpg,paper
train\paper\paper309.jpg,paper
train\paper\paper31.jpg,paper
train\paper\paper310.jpg,paper
train\paper\paper311.jpg,paper
train\paper\paper312.jpg,paper
train\paper\paper313.jpg,paper
train\paper\paper314.jpg,paper
train\paper\paper315.jpg,paper
train\paper\paper316.jpg,paper
train\paper\paper317.jpg,paper
train\paper\paper318.jpg,paper
train\paper\paper319.jpg,paper
train\paper\paper32.jpg,paper
train\paper\paper320.jpg,paper
train\paper\paper321.jpg,paper
train\paper\paper322.jpg,paper
train\paper\paper323.jpg,paper
train\paper\paper324.jpg,paper
train\paper\paper325.jpg,paper
train\paper\paper326.jpg,paper
train\paper\paper327.jpg,paper
train\paper\paper328.jpg,paper
train\paper\paper329.jpg,paper
train\paper\paper33.jpg,paper
train\paper\paper330.jpg,paper
train\paper\paper331.jpg,paper
train\paper\paper332.jpg,paper
train\paper\paper333.jpg,paper
train\paper\paper334.jpg,paper
train\paper\paper335.jpg,paper
train\paper\paper336.jpg,paper
train\paper\paper337.jpg,paper
train\paper\paper338.jpg,paper
train\paper\paper339.jpg,paper
train\paper\paper34.jpg,paper
train\paper\paper340.jpg,paper
train\paper\paper341.jpg,paper
train\paper\paper342.jpg,paper
train\paper\paper343.jpg,paper
train\paper\paper344.jpg,paper
train\paper\paper345.jpg,paper
train\paper\paper346.jpg,paper
train\paper\paper347.jpg,paper
train\paper\paper348.jpg,paper
train\paper\paper349.jpg,paper
train\paper\paper35.jpg,paper
train\paper\paper350.jpg,paper
train\paper\paper351.jpg,paper
train\paper\paper352.jpg,paper
train\paper\paper353.jpg,paper
train\paper\paper354.jpg,paper
train\paper\paper355.jpg,paper
train\paper\paper356.jpg,paper
train\paper\paper357.jpg,paper
train\paper\paper358.jpg,paper
train\paper\paper359.jpg,paper
train\paper\paper36.jpg,paper
train\paper\paper360.jpg,paper
train\paper\paper361.jpg,paper
train\paper\paper362.jpg,paper
train\paper\paper363.jpg,paper
train\paper\paper364.jpg,paper
train\paper\paper365.jpg,paper
train\paper\paper366.jpg,paper
train\paper\paper367.jpg,paper
train\paper\paper368.jpg,paper
train\paper\paper369.jpg,paper
train\paper\paper37.jpg,paper
train\paper\paper370.jpg,paper
train\paper\paper371.jpg,paper
train\paper\paper372.jpg,paper
train\paper\paper373.jpg,paper
train\paper\paper374.jpg,paper
train\paper\paper375.jpg,paper
train\paper\paper376.jpg,paper
train\paper\paper377.jpg,paper
train\paper\paper378.jpg,paper
train\paper\paper379.jpg,paper
train\paper\paper38.jpg,paper
train\paper\paper380.jpg,paper
train\paper\paper381.jpg,paper
train\paper\paper382.jpg,paper
train\paper\paper383.jpg,paper
train\paper\paper384.jpg,paper
train\paper\paper385.jpg,paper
train\paper\paper386.jpg,paper
train\paper\paper387.jpg,paper
train\paper\paper388.jpg,paper
train\paper\paper389.jpg,paper
train\paper\paper390.jpg,paper
train\paper\paper391.jpg,paper
train\paper\paper392.jpg,paper
train\paper\paper393.jpg,paper
train\paper\paper394.jpg,paper
train\paper\paper395.jpg,paper
train\paper\paper396.jpg,paper
train\paper\paper397.jpg,paper
train\paper\paper398.jpg,paper
train\paper\paper399.jpg,paper
train\paper\paper4.jpg,paper
train\paper\paper40.jpg,paper
train\paper\paper400.jpg,paper
train\paper\paper401.jpg,paper
train\paper\paper402.jpg,paper
train\paper\paper403.jpg,paper
train\paper\paper404.jpg,paper
train\paper\paper405.jpg,paper
train\paper\paper406.jpg,paper
train\paper\paper407.jpg,paper
train\paper\paper408.jpg,paper
train\paper\paper409.jpg,paper
train\paper\paper41.jpg,paper
train\paper\paper410.jpg,paper
train\paper\paper411.jpg,paper
train\paper\paper412.jpg,paper
train\paper\paper413.jpg,paper
train\paper\paper414.jpg,paper
train\paper\paper415.jpg,paper
train\paper\paper416.jpg,paper
train\paper\paper417.jpg,paper
train\paper\paper418.jpg,paper
train\paper\paper419.jpg,paper
train\paper\paper42.jpg,paper
train\paper\paper420.jpg,paper
train\paper\paper421.jpg,paper
train\paper\paper422.jpg,paper
train\paper\paper423.jpg,paper
train\paper\paper424.jpg,paper
train\paper\paper425.jpg,paper
train\paper\paper426.jpg,paper
train\paper\paper427.jpg,paper
train\paper\paper428.jpg,paper
train\paper\paper429.jpg,paper
train\paper\paper43.jpg,paper
train\paper\paper430.jpg,paper
train\paper\paper431.jpg,paper
train\paper\paper432.jpg,paper
train\paper\paper433.jpg,paper
train\paper\paper434.jpg,paper
train\paper\paper435.jpg,paper
train\paper\paper436.jpg,paper
train\paper\paper437.jpg,paper
train\paper\paper438.jpg,paper
train\paper\paper439.jpg,paper
train\paper\paper44.jpg,paper
train\paper\paper440.jpg,paper
train\paper\paper441.jpg,paper
train\paper\paper442.jpg,paper
train\paper\paper443.jpg,paper
train\paper\paper444.jpg,paper
train\paper\paper445.jpg,paper
train\paper\paper446.jpg,paper
train\paper\paper447.jpg,paper
train\paper\paper448.jpg,paper
train\paper\paper449.jpg,paper
train\paper\paper450.jpg,paper
train\paper\paper451.jpg,paper
train\paper\paper452.jpg,paper
train\paper\paper453.jpg,paper
train\paper\paper454.jpg,paper
train\paper\paper455.jpg,paper
train\paper\paper456.jpg,paper
train\paper\paper457.jpg,paper
train\paper\paper458.jpg,paper
train\paper\paper459.jpg,paper
train\paper\paper460.jpg,paper
train\paper\paper461.jpg,paper
train\paper\paper462.jpg,paper
train\paper\paper463.jpg,paper
train\paper\paper464.jpg,paper
train\paper\paper465.jpg,paper
train\paper\paper466.jpg,paper
train\paper\paper467.jpg,paper
train\paper\paper468.jpg,paper
train\paper\paper469.jpg,paper
train\paper\paper47.jpg,paper
train\paper\paper470.jpg,paper
train\paper\paper471.jpg,paper
train\paper\paper472.jpg,paper
train\paper\paper473.jpg,paper
train\paper\paper474.jpg,paper
train\paper\paper475.jpg,paper
train\paper\paper476.jpg,paper
train\paper\paper477.jpg,paper
train\paper\paper478.jpg,paper
train\paper\paper479.jpg,paper
train\paper\paper48.jpg,paper
train\paper\paper480.jpg,paper
train\paper\paper481.jpg,paper
train\paper\paper482.jpg,paper
train\paper\paper483.jpg,paper
train\paper\paper484.jpg,paper
train\paper\paper485.jpg,paper
train\paper\paper486.jpg,paper
train\paper\paper487.jpg,paper
train\paper\paper488.jpg,paper
train\paper\paper489.jpg,paper
train\paper\paper49.jpg,paper
train\paper\paper490.jpg,paper
train\paper\paper491.jpg,paper
train\paper\paper492.jpg,paper
train\paper\paper493.jpg,paper
train\paper\paper494.jpg,paper
train\paper\paper495.jpg,paper
train\paper\paper496.jpg,paper
train\paper\paper497.jpg,paper
train\paper\paper498.jpg,paper
train\paper\paper499.jpg,paper
train\paper\paper5.jpg,paper
train\paper\paper500.jpg,paper
train\paper\paper501.jpg,paper
train\paper\paper502.jpg,paper
train\paper\paper503.jpg,paper
train\paper\paper504.jpg,paper
train\paper\paper505.jpg,paper
train\paper\paper506.jpg,paper
train\paper\paper507.jpg,paper
train\paper\paper508.jpg,paper
train\paper\paper509.jpg,paper
train\paper\paper51.jpg,paper
train\paper\paper510.jpg,paper
train\paper\paper511.jpg,paper
train\paper\paper512.jpg,paper
train\paper\paper513.jpg,paper
train\paper\paper514.jpg,paper
train\paper\paper515.jpg,paper
train\paper\paper516.jpg,paper
train\paper\paper517.jpg,paper
train\paper\paper518.jpg,paper
train\paper\paper519.jpg,paper
train\paper\paper52.jpg,paper
train\paper\paper520.jpg,paper
train\paper\paper521.jpg,paper
train\paper\paper522.jpg,paper
train\paper\paper523.jpg,paper
train\paper\paper524.jpg,paper
train\paper\paper525.jpg,paper
train\paper\paper526.jpg,paper
train\paper\paper527.jpg,paper
train\paper\paper528.jpg,paper
train\paper\paper529.jpg,paper
train\paper\paper53.jpg,paper
train\paper\paper530.jpg,paper
train\paper\paper531.jpg,paper
train\paper\paper532.jpg,paper
train\paper\paper533.jpg,paper
train\paper\paper534.jpg,paper
train\paper\paper535.jpg,paper
train\paper\paper536.jpg,paper
train\paper\paper537.jpg,paper
train\paper\paper538.jpg,paper
train\paper\paper539.jpg,paper
train\paper\paper54.jpg,paper
train\paper\paper540.jpg,paper
train\paper\paper541.jpg,paper
train\paper\paper542.jpg,paper
train\paper\paper543.jpg,paper
train\paper\paper544.jpg,paper
train\paper\paper545.jpg,paper
train\paper\paper546.jpg,paper
train\paper\paper547.jpg,paper
train\paper\paper548.jpg,paper
train\paper\paper549.jpg,paper
train\paper\paper550.jpg,paper
train\paper\paper551.jpg,paper
train\paper\paper552.jpg,paper
train\paper\paper553.jpg,paper
train\paper\paper554.jpg,paper
train\paper\paper555.jpg,paper
train\paper\paper556.jpg,paper
train\paper\paper557.jpg,paper
train\paper\paper558.jpg,paper
train\paper\paper559.jpg,paper
train\paper\paper560.jpg,paper
train\paper\paper561.jpg,paper
train\paper\paper562.jpg,paper
train\paper\paper563.jpg,paper
train\paper\paper564.jpg,paper
train\paper\paper565.jpg,paper
train\paper\paper566.jpg,paper
train\paper\paper567.jpg,paper
train\paper\paper568.jpg,paper
train\paper\paper569.jpg,paper
train\paper\paper57.jpg,paper
train\paper\paper570.jpg,paper
train\paper\paper571.jpg,paper
train\paper\paper572.jpg,paper
train\paper\paper573.jpg,paper
train\paper\paper574.jpg,paper
train\paper\paper575.jpg,paper
train\paper\paper576.jpg,paper
train\paper\paper577.jpg,paper
train\paper\paper578.jpg,paper
train\paper\paper579.jpg,paper
train\paper\paper580.jpg,paper
train\paper\paper581.jpg,paper
train\paper\paper582.jpg,paper
train\paper\paper583.jpg,paper
train\paper\paper584.jpg,paper
train\paper\paper585.jpg,paper
train\paper\paper586.jpg,paper
train\paper\paper587.jpg,paper
train\paper\paper588.jpg,paper
train\paper\paper589.jpg,paper
train\paper\paper59.jpg,paper
train\paper\paper590.jpg,paper
train\paper\paper591.jpg,paper
train\paper\paper592.jpg,paper
train\paper\paper593.jpg,paper
train\paper\paper594.jpg,paper
train\paper\paper6.jpg,paper
train\paper\paper60.jpg,paper
train\paper\paper61.jpg,paper
train\paper\paper64.jpg,paper
train\paper\paper65.jpg,paper
train\paper\paper66.jpg,paper
train\paper\paper67.jpg,paper
train\paper\paper68.jpg,paper
train\paper\paper69.jpg,paper
train\paper\paper7.jpg,paper
train\paper\paper70.jpg,paper
train\paper\paper72.jpg,paper
train\paper\paper74.jpg,paper
train\paper\paper75.jpg,paper
train\paper\paper77.jpg,paper
train\paper\paper78.jpg,paper
train\paper\paper79.jpg,paper
train\paper\paper8.jpg,paper
train\paper\paper81.jpg,paper
train\paper\paper84.jpg,paper
train\paper\paper85.jpg,paper
train\paper\paper86.jpg,paper
train\paper\paper87.jpg,paper
train\paper\paper89.jpg,paper
train\paper\paper9.jpg,paper
train\paper\paper90.jpg,paper
train\paper\paper91.jpg,paper
train\paper\paper92.jpg,paper
train\paper\paper93.jpg,paper
train\paper\paper94.jpg,paper
train\paper\paper95.jpg,paper
train\paper\paper98.jpg,paper
train\plastic\plastic100.jpg,plastic
train\plastic\plastic101.jpg,plastic
train\plastic\plastic102.jpg,plastic
train\plastic\plastic103.jpg,plastic
train\plastic\plastic104.jpg,plastic
train\plastic\plastic105.jpg,plastic
train\plastic\plastic106.jpg,plastic
train\plastic\plastic107.jpg,plastic
train\plastic\plastic108.jpg,plastic
train\plastic\plastic109.jpg,plastic
train\plastic\plastic110.jpg,plastic
train\plastic\plastic111.jpg,plastic
train\plastic\plastic112.jpg,plastic
train\plastic\plastic113.jpg,plastic
train\plastic\plastic115.jpg,plastic
train\plastic\plastic116.jpg,plastic
train\plastic\plastic117.jpg,plastic
train\plastic\plastic12.jpg,plastic
train\plastic\plastic120.jpg,plastic
train\plastic\plastic121.jpg,plastic
train\plastic\plastic122.jpg,plastic
train\plastic\plastic123.jpg,plastic
train\plastic\plastic124.jpg,plastic
train\plastic\plastic128.jpg,plastic
train\plastic\plastic129.jpg,plastic
train\plastic\plastic130.jpg,plastic
train\plastic\plastic131.jpg,plastic
train\plastic\plastic132.jpg,plastic
train\plastic\plastic133.jpg,plastic
train\plastic\plastic134.jpg,plastic
train\plastic\plastic135.jpg,plastic
train\plastic\plastic136.jpg,plastic
train\plastic\plastic139.jpg,plastic
train\plastic\plastic141.jpg,plastic
train\plastic\plastic142.jpg,plastic
train\plastic\plastic144.jpg,plastic
train\plastic\plastic145.jpg,plastic
train\plastic\plastic147.jpg,plastic
train\plastic\plastic149.jpg,plastic
train\plastic\plastic15.jpg,plastic
train\plastic\plastic150.jpg,plastic
train\plastic\plastic152.jpg,plastic
train\plastic\plastic154.jpg,plastic
train\plastic\plastic155.jpg,plastic
train\plastic\plastic156.jpg,plastic
train\plastic\plastic158.jpg,plastic
train\plastic\plastic159.jpg,plastic
train\plastic\plastic160.jpg,plastic
train\plastic\plastic161.jpg,plastic
train\plastic\plastic162.jpg,plastic
train\plastic\plastic163.jpg,plastic
train\plastic\plastic164.jpg,plastic
train\plastic\plastic165.jpg,plastic
train\plastic\plastic166.jpg,plastic
train\plastic\plastic167.jpg,plastic
train\plastic\plastic168.jpg,plastic
train\plastic\plastic169.jpg,plastic
train\plastic\plastic17.jpg,plastic
train\plastic\plastic171.jpg,plastic
train\plastic\plastic173.jpg,plastic
train\plastic\plastic176.jpg,plastic
train\plastic\plastic177.jpg,plastic
train\plastic\plastic179.jpg,plastic
train\plastic\plastic18.jpg,plastic
train\plastic\plastic181.jpg,plastic
train\plastic\plastic184.jpg,plastic
train\plastic\plastic185.jpg,plastic
train\plastic\plastic186.jpg,plastic
train\plastic\plastic187.jpg,plastic
train\plastic\plastic189.jpg,plastic
train\plastic\plastic19.jpg,plastic
train\plastic\plastic190.jpg,plastic
train\plastic\plastic191.jpg,plastic
train\plastic\plastic192.jpg,plastic
train\plastic\plastic193.jpg,plastic
train\plastic\plastic194.jpg,plastic
train\plastic\plastic195.jpg,plastic
train\plastic\plastic196.jpg,plastic
train\plastic\plastic197.jpg,plastic
train\plastic\plastic198.jpg,plastic
train\plastic\plastic199.jpg,plastic
train\plastic\plastic2.jpg,plastic
train\plastic\plastic20.jpg,plastic
train\plastic\plastic200.jpg,plastic
train\plastic\plastic201.jpg,plastic
train\plastic\plastic202.jpg,plastic
train\plastic\plastic203.jpg,plastic
train\plastic\plastic204.jpg,plastic
train\plastic\plastic205.jpg,plastic
train\plastic\plastic206.jpg,plastic
train\plastic\plastic207.jpg,plastic
train\plastic\plastic208.jpg,plastic
train\plastic\plastic209.jpg,plastic
train\plastic\plastic21.jpg,plastic
train\plastic\plastic210.jpg,plastic
train\plastic\plastic211.jpg,plastic
train\plastic\plastic212.jpg,plastic
train\plastic\plastic213.jpg,plastic
train\plastic\plastic214.jpg,plastic
train\plastic\plastic215.jpg,plastic
train\plastic\plastic216.jpg,plastic
train\plastic\plastic217.jpg,plastic
train\plastic\plastic218.jpg,plastic
train\plastic\plastic219.jpg,plastic
train\plastic\plastic22.jpg,plastic
train\plastic\plastic220.jpg,plastic
train\plastic\plastic221.jpg,plastic
train\plastic\plastic222.jpg,plastic
train\plastic\plastic223.jpg,plastic
train\plastic\plastic224.jpg,plastic
train\plastic\plastic225.jpg,plastic
train\plastic\plastic226.jpg,plastic
train\plastic\plastic227.jpg,plastic
train\plastic\plastic228.jpg,plastic
train\plastic\plastic229.jpg,plastic
train\plastic\plastic230.jpg,plastic
train\plastic\plastic231.jpg,plastic
train\plastic\plastic232.jpg,plastic
train\plastic\plastic233.jpg,plastic
train\plastic\plastic234.jpg,plastic
train\plastic\plastic235.jpg,plastic
train\plastic\plastic236.jpg,plastic
train\plastic\plastic237.jpg,plastic
train\plastic\plastic238.jpg,plastic
train\plastic\plastic239.jpg,plastic
train\plastic\plastic240.jpg,plastic
train\plastic\plastic241.jpg,plastic
train\plastic\plastic242.jpg,plastic
train\plastic\plastic243.jpg,plastic
train\plastic\plastic244.jpg,plastic
train\plastic\plastic245.jpg,plastic
train\plastic\plastic246.jpg,plastic
train\plastic\plastic247.jpg,plastic
train\plastic\plastic248.jpg,plastic
train\plastic\plastic249.jpg,plastic
train\plastic\plastic25.jpg,plastic
train\plastic\plastic250.jpg,plastic
train\plastic\plastic251.jpg,plastic
train\plastic\plastic252.jpg,plastic
train\plastic\plastic253.jpg,plastic
train\plastic\plastic254.jpg,plastic
train\plastic\plastic255.jpg,plastic
train\plastic\plastic256.jpg,plastic
train\plastic\plastic257.jpg,plastic
train\plastic\plastic258.jpg,plastic
train\plastic\plastic259.jpg,plastic
train\plastic\plastic26.jpg,plastic
train\plastic\plastic260.jpg,plastic
train\plastic\plastic261.jpg,plastic
train\plastic\plastic262.jpg,plastic
train\plastic\plastic263.jpg,plastic
train\plastic\plastic264.jpg,plastic
train\plastic\plastic265.jpg,plastic
train\plastic\plastic266.jpg,plastic
train\plastic\plastic267.jpg,plastic
train\plastic\plastic268.jpg,plastic
train\plastic\plastic269.jpg,plastic
train\plastic\plastic27.jpg,plastic
train\plastic\plastic270.jpg,plastic
train\plastic\plastic271.jpg,plastic
train\plastic\plastic272.jpg,plastic
train\plastic\plastic273.jpg,plastic
train\plastic\plastic274.jpg,plastic
train\plastic\plastic275.jpg,plastic
train\plastic\plastic276.jpg,plastic
train\plastic\plastic277.jpg,plastic
train\plastic\plastic278.jpg,plastic
train\plastic\plastic279.jpg,plastic
train\plastic\plastic28.jpg,plastic
train\plastic\plastic280.jpg,plastic
train\plastic\plastic281.jpg,plastic
train\plastic\plastic282.jpg,plastic
train\plastic\plastic283.jpg,plastic
train\plastic\plastic284.jpg,plastic
train\plastic\plastic285.jpg,plastic
train\plastic\plastic286.jpg,plastic
train\plastic\plastic287.jpg,plastic
train\plastic\plastic288.jpg,plastic
train\plastic\plastic289.jpg,plastic
train\plastic\plastic29.jpg,plastic
train\plastic\plastic290.jpg,plastic
train\plastic\plastic291.jpg,plastic
train\plastic\plastic292.jpg,plastic
train\plastic\plastic293.jpg,plastic
train\plastic\plastic294.jpg,plastic
train\plastic\plastic295.jpg,plastic
train\plastic\plastic296.jpg,plastic
train\plastic\plastic297.jpg,plastic
train\plastic\plastic298.jpg,plastic
train\plastic\plastic299.jpg,plastic
train\plastic\plastic30.jpg,plastic
train\plastic\plastic300.jpg,plastic
train\plastic\plastic301.jpg,plastic
train\plastic\plastic302.jpg,plastic
train\plastic\plastic303.jpg,plastic
train\plastic\plastic304.jpg,plastic
train\plastic\plastic305.jpg,plastic
train\plastic\plastic306.jpg,plastic
train\plastic\plastic307.jpg,plastic
train\plastic\plastic308.jpg,plastic
train\plastic\plastic309.jpg,plastic
train\plastic\plastic310.jpg,plastic
train\plastic\plastic311.jpg,plastic
train\plastic\plastic312.jpg,plastic
train\plastic\plastic313.jpg,plastic
train\plastic\plastic314.jpg,plastic
train\plastic\plastic315.jpg,plastic
train\plastic\plastic316.jpg,plastic
train\plastic\plastic317.jpg,plastic
train\plastic\plastic318.jpg,plastic
train\plastic\plastic319.jpg,plastic
train\plastic\plastic32.jpg,plastic
train\plastic\plastic320.jpg,plastic
train\plastic\plastic321.jpg,plastic
train\plastic\plastic322.jpg,plastic
train\plastic\plastic323.jpg,plastic
train\plastic\plastic324.jpg,plastic
train\plastic\plastic325.jpg,plastic
train\plastic\plastic326.jpg,plastic
train\plastic\plastic327.jpg,plastic
train\plastic\plastic328.jpg,plastic
train\plastic\plastic329.jpg,plastic
train\plastic\plastic33.jpg,plastic
train\plastic\plastic330.jpg,plastic
train\plastic\plastic331.jpg,plastic
train\plastic\plastic332.jpg,plastic
train\plastic\plastic333.jpg,plastic
train\plastic\plastic334.jpg,plastic
train\plastic\plastic335.jpg,plastic
train\plastic\plastic336.jpg,plastic
train\plastic\plastic337.jpg,plastic
train\plastic\plastic338.jpg,plastic
train\plastic\plastic339.jpg,plastic
train\plastic\plastic34.jpg,plastic
train\plastic\plastic340.jpg,plastic
train\plastic\plastic341.jpg,plastic
train\plastic\plastic342.jpg,plastic
train\plastic\plastic343.jpg,plastic
train\plastic\plastic344.jpg,plastic
train\plastic\plastic345.jpg,plastic
train\plastic\plastic346.jpg,plastic
train\plastic\plastic347.jpg,plastic
train\plastic\plastic348.jpg,plastic
train\plastic\plastic349.jpg,plastic
train\plastic\plastic350.jpg,plastic
train\plastic\plastic351.jpg,plastic
train\plastic\plastic352.jpg,plastic
train\plastic\plastic353.jpg,plastic
train\plastic\plastic354.jpg,plastic
train\plastic\plastic355.jpg,plastic
train\plastic\plastic356.jpg,plastic
train\plastic\plastic357.jpg,plastic
train\plastic\plastic358.jpg,plastic
train\plastic\plastic359.jpg,plastic
train\plastic\plastic36.jpg,plastic
train\plastic\plastic360.jpg,plastic
train\plastic\plastic361.jpg,plastic
train\plastic\plastic362.jpg,plastic
train\plastic\plastic363.jpg,plastic
train\plastic\plastic364.jpg,plastic
train\plastic\plastic365.jpg,plastic
train\plastic\plastic366.jpg,plastic
train\plastic\plastic367.jpg,plastic
train\plastic\plastic368.jpg,plastic
train\plastic\plastic369.jpg,plastic
train\plastic\plastic37.jpg,plastic
train\plastic\plastic370.jpg,plastic
train\plastic\plastic371.jpg,plastic
train\plastic\plastic372.jpg,plastic
train\plastic\plastic373.jpg,plastic
train\plastic\plastic374.jpg,plastic
train\plastic\plastic375.jpg,plastic
train\plastic\plastic376.jpg,plastic
train\plastic\plastic377.jpg,plastic
train\plastic\plastic378.jpg,plastic
train\plastic\plastic379.jpg,plastic
train\plastic\plastic38.jpg,plastic
train\plastic\plastic380.jpg,plastic
train\plastic\plastic381.jpg,plastic
train\plastic\plastic382.jpg,plastic
train\plastic\plastic383.jpg,plastic
train\plastic\plastic384.jpg,plastic
train\plastic\plastic385.jpg,plastic
train\plastic\plastic386.jpg,plastic
train\plastic\plastic387.jpg,plastic
train\plastic\plastic388.jpg,plastic
train\plastic\plastic389.jpg,plastic
train\plastic\plastic39.jpg,plastic
train\plastic\plastic390.jpg,plastic
train\plastic\plastic391.jpg,plastic
train\plastic\plastic392.jpg,plastic
train\plastic\plastic393.jpg,plastic
train\plastic\plastic394.jpg,plastic
train\plastic\plastic395.jpg,plastic
train\plastic\plastic396.jpg,plastic
train\plastic\plastic397.jpg,plastic
train\plastic\plastic398.jpg,plastic
train\plastic\plastic399.jpg,plastic
train\plastic\plastic4.jpg,plastic
train\plastic\plastic400.jpg,plastic
train\plastic\plastic401.jpg,plastic
train\plastic\plastic402.jpg,plastic
train\plastic\plastic403.jpg,plastic
train\plastic\plastic404.jpg,plastic
train\plastic\plastic405.jpg,plastic
train\plastic\plastic406.jpg,plastic
train\plastic\plastic407.jpg,plastic
train\plastic\plastic408.jpg,plastic
train\plastic\plastic409.jpg,plastic
train\plastic\plastic41.jpg,plastic
train\plastic\plastic410.jpg,plastic
train\plastic\plastic411.jpg,plastic
train\plastic\plastic412.jpg,plastic
train\plastic\plastic413.jpg,plastic
train\plastic\plastic414.jpg,plastic
train\plastic\plastic415.jpg,plastic
train\plastic\plastic416.jpg,plastic
train\plastic\plastic417.jpg,plastic
train\plastic\plastic418.jpg,plastic
train\plastic\plastic419.jpg,plastic
train\plastic\plastic42.jpg,plastic
train\plastic\plastic420.jpg,plastic
train\plastic\plastic421.jpg,plastic
train\plastic\plastic422.jpg,plastic
train\plastic\plastic423.jpg,plastic
train\plastic\plastic424.jpg,plastic
train\plastic\plastic425.jpg,plastic
train\plastic\plastic426.jpg,plastic
train\plastic\plastic427.jpg,plastic
train\plastic\plastic428.jpg,plastic
train\plastic\plastic429.jpg,plastic
train\plastic\plastic43.jpg,plastic
train\plastic\plastic430.jpg,plastic
train\plastic\plastic431.jpg,plastic
train\plastic\plastic432.jpg,plastic
train\plastic\plastic433.jpg,plastic
train\plastic\plastic434.jpg,plastic
train\plastic\plastic435.jpg,plastic
train\plastic\plastic436.jpg,plastic
train\plastic\plastic437.jpg,plastic
train\plastic\plastic438.jpg,plastic
train\plastic\plastic439.jpg,plastic
train\plastic\plastic440.jpg,plastic
train\plastic\plastic441.jpg,plastic
train\plastic\plastic442.jpg,plastic
train\plastic\plastic443.jpg,plastic
train\plastic\plastic444.jpg,plastic
train\plastic\plastic445.jpg,plastic
train\plastic\plastic446.jpg,plastic
train\plastic\plastic447.jpg,plastic
train\plastic\plastic448.jpg,plastic
train\plastic\plastic449.jpg,plastic
train\plastic\plastic45.jpg,plastic
train\plastic\plastic450.jpg,plastic
train\plastic\plastic451.jpg,plastic
train\plastic\plastic452.jpg,plastic
train\plastic\plastic453.jpg,plastic
train\plastic\plastic454.jpg,plastic
train\plastic\plastic455.jpg,plastic
train\plastic\plastic456.jpg,plastic
train\plastic\plastic457.jpg,plastic
train\plastic\plastic458.jpg,plastic
train\plastic\plastic459.jpg,plastic
train\plastic\plastic46.jpg,plastic
train\plastic\plastic460.jpg,plastic
train\plastic\plastic461.jpg,plastic
train\plastic\plastic462.jpg,plastic
train\plastic\plastic463.jpg,plastic
train\plastic\plastic464.jpg,plastic
train\plastic\plastic465.jpg,plastic
train\plastic\plastic466.jpg,plastic
train\plastic\plastic467.jpg,plastic
train\plastic\plastic468.jpg,plastic
train\plastic\plastic469.jpg,plastic
train\plastic\plastic47.jpg,plastic
train\plastic\plastic470.jpg,plastic
train\plastic\plastic471.jpg,plastic
train\plastic\plastic472.jpg,plastic
train\plastic\plastic473.jpg,plastic
train\plastic\plastic474.jpg,plastic
train\plastic\plastic475.jpg,plastic
train\plastic\plastic476.jpg,plastic
train\plastic\plastic477.jpg,plastic
train\plastic\plastic478.jpg,plastic
train\plastic\plastic479.jpg,plastic
train\plastic\plastic48.jpg,plastic
train\plastic\plastic480.jpg,plastic
train\plastic\plastic481.jpg,plastic
train\plastic\plastic482.jpg,plastic
train\plastic\plastic5.jpg,plastic
train\plastic\plastic50.jpg,plastic
train\plastic\plastic51.jpg,plastic
train\plastic\plastic52.jpg,plastic
train\plastic\plastic53.jpg,plastic
train\plastic\plastic54.jpg,plastic
train\plastic\plastic55.jpg,plastic
train\plastic\plastic57.jpg,plastic
train\plastic\plastic58.jpg,plastic
train\plastic\plastic59.jpg,plastic
train\plastic\plastic6.jpg,plastic
train\plastic\plastic60.jpg,plastic
train\plastic\plastic61.jpg,plastic
train\plastic\plastic62.jpg,plastic
train\plastic\plastic63.jpg,plastic
train\plastic\plastic64.jpg,plastic
train\plastic\plastic65.jpg,plastic
train\plastic\plastic66.jpg,plastic
train\plastic\plastic67.jpg,plastic
train\plastic\plastic68.jpg,plastic
train\plastic\plastic7.jpg,plastic
train\plastic\plastic70.jpg,plastic
train\plastic\plastic71.jpg,plastic
train\plastic\plastic72.jpg,plastic
train\plastic\plastic73.jpg,plastic
train\plastic\plastic74.jpg,plastic
train\plastic\plastic75.jpg,plastic
train\plastic\plastic76.jpg,plastic
train\plastic\plastic79.jpg,plastic
train\plastic\plastic8.jpg,plastic
train\plastic\plastic80.jpg,plastic
train\plastic\plastic81.jpg,plastic
train\plastic\plastic82.jpg,plastic
train\plastic\plastic83.jpg,plastic
train\plastic\plastic84.jpg,plastic
train\plastic\plastic85.jpg,plastic
train\plastic\plastic86.jpg,plastic
train\plastic\plastic87.jpg,plastic
train\plastic\plastic88.jpg,plastic
train\plastic\plastic89.jpg,plastic
train\plastic\plastic9.jpg,plastic
train\plastic\plastic90.jpg,plastic
train\plastic\plastic91.jpg,plastic
train\plastic\plastic92.jpg,plastic
train\plastic\plastic94.jpg,plastic
train\plastic\plastic95.jpg,plastic
train\plastic\plastic96.jpg,plastic
train\plastic\plastic98.jpg,plastic
train\plastic\plastic99.jpg,plastic
train\trash\trash1.jpg,trash
train\trash\trash10.jpg,trash
train\trash\trash100.jpg,trash
train\trash\trash101.jpg,trash
train\trash\trash102.jpg,trash
train\trash\trash103.jpg,trash
train\trash\trash104.jpg,trash
train\trash\trash106.jpg,trash
train\trash\trash107.jpg,trash
train\trash\trash108.jpg,trash
train\trash\trash11.jpg,trash
train\trash\trash111.jpg,trash
train\trash\trash113.jpg,trash
train\trash\trash115.jpg,trash
train\trash\trash116.jpg,trash
train\trash\trash117.jpg,trash
train\trash\trash119.jpg,trash
train\trash\trash12.jpg,trash
train\trash\trash120.jpg,trash
train\trash\trash121.jpg,trash
train\trash\trash122.jpg,trash
train\trash\trash123.jpg,trash
train\trash\trash124.jpg,trash
train\trash\trash126.jpg,trash
train\trash\trash127.jpg,trash
train\trash\trash128.jpg,trash
train\trash\trash129.jpg,trash
train\trash\trash13.jpg,trash
train\trash\trash130.jpg,trash
train\trash\trash131.jpg,trash
train\trash\trash132.jpg,trash
train\trash\trash134.jpg,trash
train\trash\trash135.jpg,trash
train\trash\trash138.jpg,trash
train\trash\trash140.jpg,trash
train\trash\trash141.jpg,trash
train\trash\trash142.jpg,trash
train\trash\trash143.jpg,trash
train\trash\trash144.jpg,trash
train\trash\trash145.jpg,trash
train\trash\trash146.jpg,trash
train\trash\trash148.jpg,trash
train\trash\trash149.jpg,trash
train\trash\trash15.jpg,trash
train\trash\trash152.jpg,trash
train\trash\trash153.jpg,trash
train\trash\trash154.jpg,trash
train\trash\trash155.jpg,trash
train\trash\trash156.jpg,trash
train\trash\trash157.jpg,trash
train\trash\trash158.jpg,trash
train\trash\trash159.jpg,trash
train\trash\trash161.jpg,trash
train\trash\trash162.jpg,trash
train\trash\trash163.jpg,trash
train\trash\trash164.jpg,trash
train\trash\trash165.jpg,trash
train\trash\trash167.jpg,trash
train\trash\trash168.jpg,trash
train\trash\trash169.jpg,trash
train\trash\trash17.jpg,trash
train\trash\trash170.jpg,trash
train\trash\trash172.jpg,trash
train\trash\trash173.jpg,trash
train\trash\trash174.jpg,trash
train\trash\trash175.jpg,trash
train\trash\trash176.jpg,trash
train\trash\trash177.jpg,trash
train\trash\trash178.jpg,trash
train\trash\trash18.jpg,trash
train\trash\trash181.jpg,trash
train\trash\trash183.jpg,trash
train\trash\trash184.jpg,trash
train\trash\trash19.jpg,trash
train\trash\trash2.jpg,trash
train\trash\trash20.jpg,trash
train\trash\trash21.jpg,trash
train\trash\trash22.jpg,trash
train\trash\trash23.jpg,trash
train\trash\trash26.jpg,trash
train\trash\trash28.jpg,trash
train\trash\trash29.jpg,trash
train\trash\trash31.jpg,trash
train\trash\trash32.jpg,trash
train\trash\trash33.jpg,trash
train\trash\trash34.jpg,trash
train\trash\trash35.jpg,trash
train\trash\trash36.jpg,trash
train\trash\trash37.jpg,trash
train\trash\trash38.jpg,trash
train\trash\trash39.jpg,trash
train\trash\trash4.jpg,trash
train\trash\trash40.jpg,trash
train\trash\trash41.jpg,trash
train\trash\trash42.jpg,trash
train\trash\trash43.jpg,trash
train\trash\trash44.jpg,trash
train\trash\trash46.jpg,trash
train\trash\trash47.jpg,trash
train\trash\trash48.jpg,trash
train\trash\trash49.jpg,trash
train\trash\trash5.jpg,trash
train\trash\trash51.jpg,trash
train\trash\trash53.jpg,trash
train\trash\trash54.jpg,trash
train\trash\trash56.jpg,trash
train\trash\trash57.jpg,trash
train\trash\trash59.jpg,trash
train\trash\trash6.jpg,trash
train\trash\trash60.jpg,trash
train\trash\trash61.jpg,trash
train\trash\trash62.jpg,trash
train\trash\trash64.jpg,trash
train\trash\trash65.jpg,trash
train\trash\trash66.jpg,trash
train\trash\trash68.jpg,trash
train\trash\trash69.jpg,trash
train\trash\trash7.jpg,trash
train\trash\trash71.jpg,trash
train\trash\trash72.jpg,trash
train\trash\trash73.jpg,trash
train\trash\trash74.jpg,trash
train\trash\trash75.jpg,trash
train\trash\trash76.jpg,trash
train\trash\trash77.jpg,trash
train\trash\trash78.jpg,trash
train\trash\trash79.jpg,trash
train\trash\trash8.jpg,trash
train\trash\trash80.jpg,trash
train\trash\trash81.jpg,trash
train\trash\trash82.jpg,trash
train\trash\trash84.jpg,trash
train\trash\trash85.jpg,trash
train\trash\trash86.jpg,trash
train\trash\trash87.jpg,trash
train\trash\trash89.jpg,trash
train\trash\trash9.jpg,trash
train\trash\trash92.jpg,trash
train\trash\trash93.jpg,trash
train\trash\trash94.jpg,trash
train\trash\trash97.jpg,trash
